ID;DEPARTAMENTO;CIUDAD;LOCALIDAD;BARRIO
3;1;1;2;30
4;1;1;2;32
5;1;1;2;17
12;1;1;2;31
13;1;1;2;17
16;1;1;2;32
19;1;1;2;23
27;1;1;2;12
28;1;1;2;31
35;1;1;3;38
41;1;1;2;32
46;1;1;2;32
48;1;1;2;32
51;1;1;2;31
55;1;1;2;32
56;1;1;2;17
57;1;1;2;29
60;1;1;2;26
67;1;1;2;32
68;1;1;2;31
71;1;1;2;17
73;1;1;2;32
74;1;1;2;30
75;1;1;2;17
79;1;1;2;17
81;1;1;2;17
82;1;1;2;23
84;1;1;2;12
91;1;1;2;31
95;1;1;3;41
97;1;1;2;26
99;1;1;2;31
101;1;1;2;17
105;1;1;2;32
109;1;1;2;17
110;1;1;2;31
113;1;1;2;23
115;1;1;2;17
130;1;1;2;17
137;1;1;2;12
139;1;1;2;32
141;1;1;2;32
143;1;1;2;17
144;1;1;2;31
151;1;1;2;26
154;1;1;2;31
156;1;1;2;32
157;1;1;2;17
158;1;1;2;31
159;1;1;2;23
162;1;1;2;32
163;1;1;2;31
165;1;1;2;26
167;1;1;2;23
171;1;1;2;31
174;1;1;2;23
176;1;1;2;17
177;1;1;2;32
185;1;1;2;31
186;1;1;2;26
187;1;1;2;26
201;1;1;2;12
203;1;1;2;30
204;1;1;2;12
206;1;1;2;26
212;1;1;2;32
218;1;1;2;31
221;1;1;3;42
223;1;1;2;23
224;1;1;2;26
229;1;1;2;27
233;1;1;2;17
237;1;1;2;17
239;1;1;2;26
240;1;1;2;32
243;1;1;2;31
244;1;1;2;17
247;1;1;2;17
253;1;1;2;31
254;1;1;2;17
256;1;1;2;17
258;1;1;2;32
259;1;1;3;38
261;1;1;2;32
263;1;1;2;23
265;1;1;3;38
267;1;1;2;12
268;1;1;2;32
269;1;1;2;32
275;1;1;2;23
277;1;1;2;32
278;1;1;2;32
279;1;1;2;31
280;1;1;2;26
284;1;1;2;30
288;1;1;2;17
295;1;1;2;17
298;1;1;2;26
299;1;1;2;26
305;1;1;2;12
307;1;1;2;31
308;1;1;2;17
314;1;1;2;12
315;1;1;2;17
322;1;1;2;23
325;1;1;2;26
327;1;1;2;17
330;1;1;2;17
331;1;1;2;31
334;1;1;2;17
335;1;1;2;26
336;1;1;2;31
338;1;1;2;17
341;1;1;2;26
343;1;1;2;17
344;1;1;2;12
350;1;1;2;26
352;1;1;2;32
363;1;1;2;17
365;1;1;2;26
367;1;1;2;32
368;1;1;2;17
369;1;1;2;17
370;1;1;2;26
372;1;1;2;26
373;1;1;2;17
374;1;1;2;31
379;1;1;2;23
383;1;1;2;28
384;1;1;2;26
385;1;1;2;31
388;1;1;2;31
390;1;1;2;17
391;1;1;2;31
392;1;1;2;32
393;1;1;2;17
397;1;1;2;17
398;1;1;3;42
403;1;1;2;28
409;1;1;2;26
414;1;1;2;12
415;1;1;2;32
416;1;1;2;17
417;1;1;2;31
427;1;1;2;31
429;1;1;2;17
436;1;1;2;31
439;1;1;2;17
445;1;1;2;17
447;1;1;2;17
448;1;1;2;17
454;1;1;2;32
455;1;1;2;23
463;1;1;2;17
466;1;1;2;32
468;1;1;2;32
474;1;1;2;26
477;1;1;2;29
478;1;1;2;30
479;1;1;2;29
480;1;1;2;17
481;1;1;2;32
484;1;1;3;38
485;1;1;2;17
489;1;1;2;17
505;1;1;2;17
506;1;1;2;28
507;1;1;2;27
510;1;1;2;17
511;1;1;2;17
512;1;1;2;17
515;1;1;2;17
516;1;1;2;30
518;1;1;2;17
524;1;1;2;31
531;1;1;2;26
533;1;1;2;32
538;1;1;2;26
540;1;1;2;31
544;1;1;2;32
546;1;1;2;31
547;1;1;2;32
553;1;1;2;32
555;1;1;2;31
566;1;1;2;26
567;1;1;2;26
568;1;1;2;17
571;1;1;2;17
578;1;1;2;12
593;1;1;2;26
594;1;1;2;23
609;1;1;2;17
612;1;1;2;17
613;1;1;2;12
635;1;1;2;17
648;1;1;2;31
649;1;1;2;26
656;1;1;2;26
658;1;1;2;28
661;1;1;2;17
663;1;1;2;32
666;1;1;2;32
672;1;1;2;23
674;1;1;2;31
676;1;1;2;17
684;1;1;2;17
685;1;1;2;32
700;1;1;2;17
701;1;1;2;32
706;1;1;2;31
708;1;1;3;38
709;1;1;2;31
713;1;1;2;31
727;1;1;2;17
728;1;1;2;31
729;1;1;3;38
730;1;1;2;26
731;1;1;2;31
733;1;1;2;31
737;1;1;2;12
742;1;1;2;17
744;1;1;2;31
750;1;1;2;17
751;1;1;2;31
756;1;1;2;26
766;1;1;2;17
773;1;1;2;31
777;1;1;2;17
781;1;1;2;26
782;1;1;2;26
793;1;1;2;30
794;1;1;3;42
795;1;1;2;26
797;1;1;2;27
800;1;1;2;26
803;1;1;2;12
804;1;1;2;17
809;1;1;2;31
811;1;1;2;17
812;1;1;3;38
815;1;1;2;17
816;1;1;2;31
817;1;1;2;26
819;1;1;2;32
822;1;1;2;31
823;1;1;2;17
826;1;1;2;32
828;1;1;2;17
829;1;1;2;17
839;1;1;2;17
840;1;1;2;30
841;1;1;2;30
842;1;1;2;31
844;1;1;2;29
847;1;1;2;31
848;1;1;2;31
850;1;1;3;38
853;1;1;2;115
854;1;1;3;42
856;1;1;3;42
857;1;1;2;27
858;1;1;2;17
859;1;1;2;32
860;1;1;2;30
862;1;1;3;38
864;1;1;2;17
865;1;1;2;26
866;1;1;3;38
868;1;1;2;17
869;1;1;2;12
871;1;1;2;30
872;1;1;2;17
875;1;1;2;26
876;1;1;2;17
879;1;1;2;17
880;1;1;2;17
881;1;1;2;12
882;1;1;2;31
883;1;1;2;31
884;1;1;2;32
885;1;1;2;17
887;1;1;2;17
889;1;1;2;32
890;1;1;2;32
891;1;1;2;31
892;1;1;2;17
893;1;1;2;32
894;1;1;2;30
895;1;1;2;32
896;1;1;2;17
899;1;1;2;17
900;1;1;2;32
902;1;1;2;31
903;1;1;2;31
904;1;1;2;26
908;1;1;2;31
910;1;1;2;17
911;1;1;2;17
912;1;1;2;32
914;1;1;2;17
916;1;1;2;31
917;1;1;2;26
918;1;1;2;32
920;1;1;2;17
921;1;1;2;32
922;1;1;2;31
924;1;1;2;31
925;1;1;2;17
931;1;1;2;31
936;1;1;3;38
945;1;1;2;31
946;1;1;2;17
950;1;1;2;32
957;1;1;2;31
962;1;1;2;31
963;1;1;2;32
965;1;1;3;38
967;1;1;2;26
968;1;1;2;32
971;1;1;2;31
972;1;1;3;38
976;1;1;3;38
978;1;1;2;32
980;1;1;2;23
982;1;1;2;17
985;1;1;2;26
987;1;1;2;29
988;1;1;2;30
990;1;1;2;26
992;1;1;2;31
994;1;1;3;38
995;1;1;3;42
996;1;1;2;29
997;1;1;2;29
998;1;1;2;30
1000;1;1;2;17
1001;1;1;2;31
1007;1;1;2;26
1008;1;1;2;32
1009;1;1;2;12
1010;1;1;2;32
1012;1;1;2;17
1017;1;1;2;23
1019;1;1;2;31
1021;1;1;2;29
1025;1;1;2;26
1026;1;1;2;12
1028;1;1;2;32
1031;1;1;2;17
1033;1;1;2;26
1034;1;1;2;32
1035;1;1;2;23
1038;1;1;2;17
1041;1;1;2;17
1042;1;1;2;23
1043;1;1;3;38
1045;1;1;2;23
1046;1;1;2;17
1047;1;1;2;31
1048;1;1;3;42
1050;1;1;2;26
1052;1;1;2;23
1054;1;1;2;26
1056;1;1;2;32
1060;1;1;2;31
1061;1;1;2;31
1063;1;1;2;17
1071;1;1;2;17
1080;1;1;2;29
1086;1;1;2;17
1088;1;1;2;26
1089;1;1;3;42
1092;1;1;2;31
1093;1;1;2;12
1094;1;1;2;17
1096;1;1;2;17
1097;1;1;2;31
1098;1;1;3;42
1101;1;1;2;26
1103;1;1;3;42
1107;1;1;2;17
1108;1;1;2;17
1113;1;1;3;42
1114;1;1;2;17
1116;1;1;2;31
1120;1;1;2;17
1125;1;1;2;30
1128;1;1;2;23
1129;1;1;2;31
1130;1;1;2;12
1131;1;1;2;31
1132;1;1;3;42
1133;1;1;2;23
1134;1;1;2;28
1135;1;1;2;17
1136;1;1;2;31
1137;1;1;2;12
1140;1;1;2;30
1142;1;1;3;41
1144;1;1;2;31
1146;1;1;2;23
1147;1;1;2;17
1150;1;1;2;12
1151;1;1;2;17
1153;1;1;2;23
1156;1;1;2;32
1159;1;1;2;31
1162;1;1;2;17
1166;1;1;2;32
1168;1;1;3;38
1169;1;1;2;31
1175;1;1;2;23
1177;1;1;2;17
1178;1;1;2;31
1183;1;1;2;23
1185;1;1;3;42
1187;1;1;2;26
1188;1;1;2;17
1191;1;1;2;17
1194;1;1;2;26
1195;1;1;2;30
1196;1;1;2;17
1198;1;1;2;23
1199;1;1;2;17
1200;1;1;3;38
1201;1;1;2;17
1202;1;1;2;17
1204;1;1;2;27
1205;1;1;2;31
1208;1;1;2;31
1209;1;1;3;38
1210;1;1;2;17
1213;1;1;2;17
1215;1;1;2;17
1217;1;1;2;12
1218;1;1;2;26
1219;1;1;2;17
1220;1;1;2;12
1221;1;1;2;17
1223;1;1;2;31
1224;1;1;2;32
1226;1;1;2;26
1229;1;1;3;38
1230;1;1;2;23
1232;1;1;2;28
1236;1;1;2;32
1237;1;1;2;23
1238;1;1;2;17
1239;1;1;2;26
1243;1;1;2;17
1244;1;1;2;17
1246;1;1;2;30
1247;1;1;2;17
1248;1;1;2;32
1250;1;1;2;26
1251;1;1;2;31
1252;1;1;2;26
1254;1;1;2;17
1255;1;1;2;26
1256;1;1;2;17
1257;1;1;2;26
1258;1;1;3;38
1262;1;1;2;26
1263;1;1;2;17
1265;1;1;2;17
1267;1;1;2;26
1268;1;1;2;31
1271;1;1;2;32
1272;1;1;2;17
1276;1;1;2;17
1280;1;1;2;17
1282;1;1;3;38
1283;1;1;2;17
1285;1;1;3;42
1286;1;1;2;12
1287;1;1;2;31
1290;1;1;2;29
1291;1;1;2;27
1294;1;1;2;17
1297;1;1;2;26
1298;1;1;3;38
1302;1;1;2;12
1303;1;1;2;17
1305;1;1;2;17
1308;1;1;2;17
1309;1;1;2;17
1310;1;1;2;28
1311;1;1;2;17
1313;1;1;2;17
1314;1;1;3;42
1322;1;1;2;32
1325;1;1;2;31
1326;1;1;2;17
1327;1;1;2;26
1329;1;1;2;17
1330;1;1;2;26
1331;1;1;3;41
1332;1;1;2;31
1333;1;1;2;31
1334;1;1;2;17
1335;1;1;2;31
1336;1;1;2;31
1339;1;1;2;17
1340;1;1;2;17
1342;1;1;2;17
1345;1;1;2;31
1346;1;1;2;31
1347;1;1;2;23
1349;1;1;2;26
1350;1;1;2;26
1354;1;1;2;32
1357;1;1;2;17
1358;1;1;2;32
1359;1;1;2;31
1360;1;1;2;27
1361;1;1;2;32
1363;1;1;2;31
1364;1;1;2;23
1366;1;1;2;17
1368;1;1;2;31
1369;1;1;2;26
1370;1;1;2;17
1372;1;1;2;31
1373;1;1;2;17
1374;1;1;2;17
1376;1;1;2;32
1378;1;1;2;28
1379;1;1;2;32
1380;1;1;2;23
1381;1;1;2;17
1383;1;1;2;31
1388;1;1;2;23
1390;1;1;2;29
1393;1;1;2;32
1395;1;1;2;32
1396;1;1;2;31
1398;1;1;2;23
1399;1;1;2;17
1400;1;1;2;31
1401;1;1;2;23
1402;1;1;2;32
1404;1;1;2;23
1405;1;1;2;17
1407;1;1;2;29
1408;1;1;2;17
1410;1;1;2;32
1411;1;1;2;26
1412;1;1;3;38
1416;1;1;2;32
1418;1;1;2;31
1421;1;1;2;17
1424;1;1;2;31
1429;1;1;2;26
1430;1;1;2;27
1433;1;1;2;23
1436;1;1;2;17
1437;1;1;2;31
1440;1;1;3;38
1441;1;1;2;31
1442;1;1;2;30
1444;1;1;2;32
1449;1;1;2;17
1450;1;1;2;31
1451;1;1;2;30
1453;1;1;2;17
1454;1;1;3;33
1457;1;1;2;26
1460;1;1;3;42
1462;1;1;2;17
1463;1;1;2;17
1465;1;1;2;26
1466;1;1;2;32
1467;1;1;3;38
1469;1;1;2;32
1470;1;1;2;17
1472;1;1;2;27
1475;1;1;2;32
1477;1;1;2;31
1478;1;1;2;32
1479;1;1;2;17
1481;1;1;2;31
1483;1;1;2;17
1485;1;1;2;26
1487;1;1;2;17
1490;1;1;2;31
1493;1;1;2;17
1495;1;1;2;29
1498;1;1;2;16
1499;1;1;3;42
1502;1;1;2;31
1508;1;1;2;29
1509;1;1;3;38
1510;1;1;2;17
1511;1;1;2;17
1515;1;1;2;12
1516;1;1;3;38
1517;1;1;2;26
1528;1;1;2;17
1529;1;1;2;26
1531;1;1;2;32
1532;1;1;3;38
1533;1;1;2;31
1536;1;1;2;23
1538;1;1;2;31
1539;1;1;2;32
1545;1;1;2;17
1546;1;1;2;28
1547;1;1;2;32
1548;1;1;2;30
1550;1;1;2;26
1551;1;1;3;38
1552;1;1;3;42
1554;1;1;2;31
1558;1;1;3;42
1559;1;1;2;23
1560;1;1;2;17
1561;1;1;2;26
1563;1;1;2;23
1564;1;1;2;23
1566;1;1;3;33
1567;1;1;2;23
1568;1;1;2;17
1569;1;1;2;26
1571;1;1;3;38
1572;1;1;2;30
1574;1;1;2;17
1575;1;1;3;33
1577;1;1;2;17
1580;1;1;2;17
1583;1;1;2;26
1586;1;1;2;17
1587;1;1;2;31
1593;1;1;2;31
1594;1;1;2;17
1596;1;1;2;17
1597;1;1;3;38
1600;1;1;3;33
1601;1;1;3;33
1602;1;1;3;33
1603;1;1;3;33
1604;1;1;3;33
1605;1;1;3;33
1608;1;1;3;33
1609;1;1;3;33
1610;1;1;3;33
1611;1;1;3;33
1612;1;1;3;33
1617;1;1;2;32
1618;1;1;3;33
1619;1;1;2;115
1620;1;1;2;32
1624;1;1;3;33
1625;1;1;3;33
1626;1;1;3;33
1630;1;1;3;33
1631;1;1;3;33
1632;1;1;3;33
1633;1;1;2;30
1638;1;1;3;42
1641;1;1;3;42
1645;1;1;2;23
1647;1;1;2;17
1649;1;1;2;17
1652;1;1;2;26
1653;1;1;3;33
1655;1;1;2;23
1657;1;1;3;33
1659;1;1;2;31
1660;1;1;3;33
1661;1;1;3;38
1665;1;1;3;33
1667;1;1;2;26
1668;1;1;2;31
1669;1;1;3;38
1671;1;1;2;29
1672;1;1;2;31
1673;1;1;2;26
1675;1;1;2;26
1679;1;1;2;23
1682;1;1;3;33
1684;1;1;2;17
1687;1;1;3;42
1688;1;1;2;17
1692;1;1;2;29
1693;1;1;3;42
1698;1;1;2;29
1699;1;1;2;17
1702;1;1;2;26
1704;1;1;3;33
1706;1;1;3;33
1708;1;1;2;30
1709;1;1;2;26
1710;1;1;2;23
1711;1;1;2;17
1712;1;1;3;38
1714;1;1;2;32
1715;1;1;2;17
1720;1;1;2;29
1721;1;1;3;38
1723;1;1;2;17
1725;1;1;2;32
1726;1;1;2;31
1727;1;1;2;17
1728;1;1;2;17
1731;1;1;3;33
1738;1;1;2;17
1739;1;1;3;42
1740;1;1;2;32
1741;1;1;2;23
1745;1;1;2;23
1746;1;1;3;42
1747;1;1;2;17
1748;1;1;3;38
1749;1;1;2;29
1751;1;1;2;23
1752;1;1;2;23
1753;1;1;3;33
1758;1;1;2;17
1760;1;1;2;29
1762;1;1;2;23
1763;1;1;2;31
1764;1;1;2;31
1766;1;1;3;42
1771;1;1;3;42
1773;1;1;2;26
1774;1;1;2;32
1776;1;1;3;33
1777;1;1;2;29
1779;1;1;3;33
1780;1;1;3;38
1784;1;1;2;16
1785;1;1;2;17
1787;1;1;2;17
1788;1;1;2;17
1790;1;1;2;27
1791;1;1;2;27
1795;1;1;3;42
1796;1;1;2;115
1798;1;1;2;30
1799;1;1;2;31
1800;1;1;2;115
1801;1;1;2;23
1802;1;1;2;17
1803;1;1;2;17
1804;1;1;2;26
1805;1;1;2;23
1806;1;1;2;30
1807;1;1;2;23
1808;1;1;2;12
1809;1;1;3;33
1810;1;1;2;32
1813;1;1;2;31
1814;1;1;2;17
1815;1;1;3;42
1816;1;1;2;17
1817;1;1;2;17
1819;1;1;2;31
1820;1;1;2;31
1821;1;1;2;26
1824;1;1;2;31
1825;1;1;2;17
1826;1;1;2;32
1828;1;1;2;31
1829;1;1;2;17
1830;1;1;3;38
1832;1;1;2;12
1833;1;1;2;32
1835;1;1;2;31
1836;1;1;2;31
1838;1;1;2;31
1840;1;1;2;26
1841;1;1;2;26
1844;1;1;2;32
1845;1;1;2;12
1847;1;1;2;26
1848;1;1;3;38
1849;1;1;2;31
1850;1;1;2;29
1853;1;1;2;32
1854;1;1;2;17
1855;1;1;2;32
1856;1;1;2;31
1858;1;1;3;38
1859;1;1;2;12
1862;1;1;2;23
1863;1;1;3;42
1864;1;1;2;29
1865;1;1;2;17
1867;1;1;2;17
1870;1;1;2;26
1871;1;1;2;30
1875;1;1;3;33
1876;1;1;2;32
1879;1;1;3;38
1880;1;1;2;31
1881;1;1;2;17
1882;1;1;3;42
1883;1;1;3;33
1885;1;1;3;38
1887;1;1;2;26
1890;1;1;2;26
1891;1;1;2;31
1892;1;1;2;17
1897;1;1;2;30
1898;1;1;2;32
1899;1;1;2;23
1901;1;1;2;17
1903;1;1;2;26
1906;1;1;2;17
1907;1;1;2;31
1910;1;1;2;26
1911;1;1;2;29
1912;1;1;2;26
1913;1;1;2;32
1915;1;1;2;30
1916;1;1;2;26
1917;1;1;2;32
1918;1;1;2;26
1919;1;1;3;38
1920;1;1;2;17
1922;1;1;2;12
1923;1;1;2;23
1924;1;1;2;26
1925;1;1;3;42
1926;1;1;2;31
1927;1;1;2;17
1928;1;1;3;38
1929;1;1;2;32
1930;1;1;2;26
1933;1;1;2;17
1934;1;1;2;32
1935;1;1;2;28
1936;1;1;2;32
1937;1;1;2;31
1939;1;1;2;17
1940;1;1;2;31
1942;1;1;2;32
1943;1;1;2;31
1945;1;1;3;38
1946;1;1;3;38
1947;1;1;2;26
1948;1;1;2;23
1950;1;1;2;31
1953;1;1;2;26
1955;1;1;2;30
1956;1;1;2;16
1957;1;1;2;26
1965;1;1;2;17
1966;1;1;2;32
1968;1;1;2;23
1971;1;1;3;42
1974;1;1;3;42
1978;1;1;2;17
1980;1;1;2;26
1981;1;1;2;30
1982;1;1;2;17
1985;1;1;2;17
1989;1;1;2;32
1990;1;1;2;12
1991;1;1;2;28
1993;1;1;2;26
1994;1;1;2;26
1995;1;1;2;31
1998;1;1;2;26
2001;1;1;2;28
2002;1;1;2;17
2004;1;1;2;17
2005;1;1;2;26
2008;1;1;2;31
2009;1;1;2;17
2011;1;1;2;31
2013;1;1;2;17
2015;1;1;2;27
2016;1;1;2;32
2017;1;1;2;17
2018;1;1;2;23
2023;1;1;2;31
2030;1;1;2;31
2031;1;1;2;31
2033;1;1;2;31
2034;1;1;2;17
2035;1;1;2;32
2036;1;1;2;31
2037;1;1;2;16
2038;1;1;2;30
2039;1;1;2;31
2041;1;1;2;17
2045;1;1;2;32
2046;1;1;2;28
2047;1;1;2;17
2048;1;1;2;31
2049;1;1;2;23
2051;1;1;2;17
2053;1;1;2;16
2054;1;1;3;38
2058;1;1;2;17
2060;1;1;2;26
2061;1;1;2;12
2064;1;1;2;32
2065;1;1;2;12
2066;1;1;2;26
2067;1;1;3;41
2068;1;1;2;17
2069;1;1;2;31
2071;1;1;3;38
2079;1;1;2;31
2083;1;1;2;32
2084;1;1;2;23
2085;1;1;3;42
2086;1;1;3;42
2089;1;1;2;32
2090;1;1;2;17
2091;1;1;2;17
2092;1;1;2;17
2093;1;1;2;17
2097;1;1;2;29
2100;1;1;2;23
2101;1;1;2;115
2102;1;1;3;38
2103;1;1;2;115
2104;1;1;3;33
2105;1;1;2;32
2106;1;1;2;12
2107;1;1;2;17
2108;1;1;2;17
2111;1;1;2;27
2112;1;1;2;12
2113;1;1;2;12
2114;1;1;3;42
2115;1;1;3;42
2116;1;1;2;31
2117;1;1;2;31
2118;1;1;2;17
2119;1;1;3;38
2120;1;1;2;26
2122;1;1;2;17
2123;1;1;2;32
2124;1;1;2;17
2127;1;1;2;23
2128;1;1;3;33
2129;1;1;3;38
2130;1;1;3;38
2131;1;1;2;12
2132;1;1;2;17
2133;1;1;2;17
2134;1;1;2;32
2136;1;1;2;115
2137;1;1;2;32
2138;1;1;3;38
2139;1;1;3;42
2141;1;1;2;17
2142;1;1;3;42
2143;1;1;2;32
2144;1;1;3;42
2145;1;1;2;31
2146;1;1;2;31
2148;1;1;2;26
2149;1;1;2;23
2151;1;1;2;17
2152;1;1;3;42
2153;1;1;3;38
2154;1;1;3;42
2155;1;1;2;26
2156;1;1;2;31
2157;1;1;2;12
2158;1;1;2;29
2160;1;1;2;17
2164;1;1;2;17
2167;1;1;2;16
2170;1;1;2;17
2172;1;1;2;17
2173;1;1;2;16
2174;1;1;2;32
2175;1;1;2;17
2176;1;1;2;29
2177;1;1;2;23
2178;1;1;3;38
2180;1;1;3;42
2181;1;1;3;42
2182;1;1;2;31
2183;1;1;2;32
2184;1;1;2;31
2185;1;1;2;31
2186;1;1;2;31
2187;1;1;2;26
2188;1;1;2;17
2190;1;1;2;12
2191;1;1;2;17
2192;1;1;2;17
2194;1;1;2;23
2195;1;1;2;31
2196;1;1;2;30
2197;1;1;2;115
2200;1;1;2;31
2201;1;1;2;29
2206;1;1;2;31
2210;1;1;2;23
2215;1;1;2;31
2216;1;1;2;31
2219;1;1;2;31
2222;1;1;2;26
2223;1;1;2;31
2224;1;1;2;31
2225;1;1;2;32
2236;1;1;2;17
2238;1;1;2;17
2242;1;1;2;32
2243;1;1;2;31
2244;1;1;2;30
2245;1;1;2;17
2250;1;1;2;32
2254;1;1;2;26
2255;1;1;2;17
2256;1;1;2;17
2262;1;1;2;32
2264;1;1;2;32
2265;1;1;2;17
2266;1;1;2;30
2268;1;1;2;17
2269;1;1;2;17
2273;1;1;3;42
2278;1;1;2;31
2280;1;1;2;17
2281;1;1;2;31
2283;1;1;2;17
2284;1;1;2;32
2288;1;1;2;27
2290;1;1;3;42
2291;1;1;2;23
2293;1;1;2;31
2294;1;1;2;31
2296;1;1;3;38
2298;1;1;3;41
2301;1;1;2;31
2303;1;1;2;23
2304;1;1;2;31
2305;1;1;2;32
2311;1;1;2;17
2313;1;1;3;42
2318;1;1;2;26
2319;1;1;2;29
2320;1;1;2;31
2321;1;1;2;115
2323;1;1;2;17
2325;1;1;2;12
2326;1;1;2;30
2328;1;1;2;31
2329;1;1;2;26
2332;1;1;2;31
2335;1;1;2;12
2336;1;1;2;26
2337;1;1;2;17
2338;1;1;2;17
2339;1;1;2;23
2340;1;1;2;16
2342;1;1;2;29
2343;1;1;2;31
2344;1;1;2;17
2345;1;1;2;17
2346;1;1;2;32
2347;1;1;2;32
2348;1;1;2;31
2352;1;1;2;17
2354;1;1;2;17
2355;1;1;3;38
2356;1;1;2;31
2357;1;1;2;32
2359;1;1;3;42
2361;1;1;2;17
2362;1;1;2;17
2365;1;1;3;38
2366;1;1;3;41
2367;1;1;2;17
2369;1;1;2;17
2375;1;1;2;32
2377;1;1;2;17
2381;1;1;2;26
2382;1;1;2;26
2383;1;1;2;12
2384;1;1;2;30
2386;1;1;2;17
2389;1;1;2;30
2391;1;1;2;31
2395;1;1;2;16
2398;1;1;2;23
2399;1;1;2;30
2401;1;1;2;32
2403;1;1;3;38
2404;1;1;2;30
2405;1;1;2;23
2406;1;1;2;30
2408;1;1;2;31
2409;1;1;2;30
2412;1;1;2;17
2414;1;1;3;42
2415;1;1;2;17
2416;1;1;2;26
2417;1;1;2;29
2418;1;1;3;33
2419;1;1;2;17
2420;1;1;2;17
2423;1;1;2;32
2426;1;1;2;17
2427;1;1;2;16
2428;1;1;2;17
2430;1;1;2;17
2432;1;1;2;12
2434;1;1;2;12
2435;1;1;2;32
2437;1;1;2;17
2438;1;1;3;38
2440;1;1;2;26
2441;1;1;3;42
2442;1;1;3;38
2444;1;1;2;31
2446;1;1;2;31
2447;1;1;2;12
2450;1;1;2;12
2451;1;1;2;23
2452;1;1;2;26
2455;1;1;2;26
2456;1;1;2;30
2457;1;1;2;17
2458;1;1;2;17
2459;1;1;2;17
2461;1;1;2;23
2462;1;1;3;38
2463;1;1;2;32
2464;1;1;2;26
2465;1;1;2;17
2468;1;1;3;42
2469;1;1;3;33
2470;1;1;2;17
2473;1;1;2;26
2475;1;1;2;32
2478;1;1;2;12
2481;1;1;2;29
2482;1;1;2;26
2483;1;1;3;33
2485;1;1;3;38
2486;1;1;2;17
2487;1;1;2;17
2488;1;1;2;32
2490;1;1;2;17
2493;1;1;3;38
2495;1;1;2;17
2497;1;1;2;17
2498;1;1;2;17
2499;1;1;3;33
2500;1;1;3;33
2502;1;1;3;33
2503;1;1;3;33
2504;1;1;3;33
2506;1;1;3;33
2507;1;1;3;33
2508;1;1;3;33
2509;1;1;3;33
2510;1;1;3;33
2512;1;1;3;33
2513;1;1;3;33
2514;1;1;3;33
2515;1;1;2;32
2516;1;1;2;17
2518;1;1;3;33
2519;1;1;3;33
2520;1;1;2;30
2521;1;1;2;31
2524;1;1;3;33
2525;1;1;3;33
2526;1;1;3;33
2527;1;1;3;33
2528;1;1;2;29
2530;1;1;3;33
2531;1;1;3;33
2532;1;1;2;17
2534;1;1;2;32
2535;1;1;3;41
2536;1;1;3;33
2539;1;1;2;12
2541;1;1;2;23
2542;1;1;2;29
2543;1;1;2;31
2546;1;1;2;17
2547;1;1;2;17
2550;1;1;2;31
2551;1;1;2;29
2554;1;1;2;23
2555;1;1;3;42
2557;1;1;2;17
2560;1;1;2;23
2564;1;1;2;30
2566;1;1;2;32
2568;1;1;3;38
2569;1;1;3;33
2574;1;1;2;31
2575;1;1;2;17
2577;1;1;3;33
2579;1;1;3;42
2580;1;1;2;17
2581;1;1;2;30
2582;1;1;3;38
2583;1;1;2;23
2584;1;1;2;26
2585;1;1;2;17
2586;1;1;2;31
2587;1;1;2;12
2590;1;1;2;30
2591;1;1;2;17
2592;1;1;2;17
2593;1;1;2;17
2594;1;1;2;26
2595;1;1;2;17
2596;1;1;2;17
2597;1;1;3;42
2598;1;1;2;17
2599;1;1;2;29
2600;1;1;2;17
2601;1;1;2;23
2602;1;1;3;33
2603;1;1;3;38
2604;1;1;3;42
2605;1;1;2;17
2608;1;1;2;17
2609;1;1;2;32
2610;1;1;2;17
2611;1;1;2;31
2612;1;1;2;29
2613;1;1;2;26
2614;1;1;2;17
2615;1;1;2;30
2616;1;1;2;29
2618;1;1;2;31
2621;1;1;2;26
2623;1;1;2;31
2624;1;1;2;26
2626;1;1;2;23
2627;1;1;3;38
2629;1;1;2;17
2630;1;1;2;23
2635;1;1;3;42
2636;1;1;2;17
2637;1;1;2;17
2638;1;1;2;12
2641;1;1;2;17
2646;1;1;2;17
2648;1;1;2;32
2649;1;1;3;38
2651;1;1;2;23
2652;1;1;2;17
2653;1;1;2;26
2654;1;1;2;23
2655;1;1;2;17
2656;1;1;2;32
2661;1;1;2;26
2663;1;1;2;17
2664;1;1;3;38
2665;1;1;2;27
2668;1;1;2;26
2671;1;1;3;38
2672;1;1;2;31
2674;1;1;3;38
2675;1;1;2;31
2677;1;1;2;31
2679;1;1;2;17
2685;1;1;3;38
2686;1;1;2;12
2689;1;1;3;42
2690;1;1;2;17
2693;1;1;2;17
2694;1;1;2;17
2695;1;1;2;30
2698;1;1;3;38
2699;1;1;3;33
2700;1;1;2;23
2701;1;1;2;23
2702;1;1;2;23
2704;1;1;2;31
2705;1;1;3;42
2706;1;1;2;29
2707;1;1;2;17
2708;1;1;2;17
2709;1;1;2;23
2711;1;1;2;17
2713;1;1;2;17
2714;1;1;2;17
2716;1;1;2;17
2717;1;1;3;38
2718;1;1;2;32
2720;1;1;2;12
2721;1;1;2;32
2723;1;1;2;26
2724;1;1;2;17
2726;1;1;3;33
2731;1;1;2;17
2733;1;1;2;17
2735;1;1;2;23
2736;1;1;2;17
2737;1;1;2;17
2738;1;1;2;26
2739;1;1;3;38
2740;1;1;2;23
2741;1;1;3;33
2742;1;1;2;17
2743;1;1;2;17
2744;1;1;2;31
2745;1;1;2;30
2746;1;1;2;29
2748;1;1;3;42
2749;1;1;2;17
2750;1;1;2;31
2751;1;1;3;33
2752;1;1;3;38
2754;1;1;2;17
2755;1;1;2;12
2756;1;1;2;23
2757;1;1;2;12
2758;1;1;2;31
2759;1;1;2;17
2760;1;1;3;38
2761;1;1;2;30
2762;1;1;2;17
2763;1;1;3;33
2764;1;1;2;31
2766;1;1;2;31
2767;1;1;2;29
2770;1;1;2;32
2771;1;1;2;31
2773;1;1;2;12
2774;1;1;2;31
2775;1;1;2;17
2778;1;1;2;31
2779;1;1;2;26
2780;1;1;2;17
2781;1;1;2;31
2784;1;1;2;26
2785;1;1;2;12
2786;1;1;2;26
2787;1;1;2;12
2788;1;1;2;31
2789;1;1;2;17
2794;1;1;2;23
2797;1;1;2;31
2801;1;1;2;31
2803;1;1;2;31
2805;1;1;2;31
2806;1;1;2;32
2808;1;1;2;31
2809;1;1;2;23
2811;1;1;2;32
2812;1;1;2;17
2813;1;1;2;31
2814;1;1;2;31
2815;1;1;3;38
2817;1;1;2;30
2821;1;1;2;31
2822;1;1;2;31
2826;1;1;2;17
2828;1;1;2;31
2829;1;1;2;31
2832;1;1;2;31
2833;1;1;2;17
2835;1;1;2;27
2836;1;1;2;26
2838;1;1;2;31
2839;1;1;2;31
2841;1;1;2;17
2843;1;1;2;26
2844;1;1;2;31
2845;1;1;2;26
2847;1;1;2;26
2848;1;1;2;17
2849;1;1;3;38
2850;1;1;2;17
2851;1;1;2;17
2852;1;1;2;17
2853;1;1;2;17
2854;1;1;2;31
2855;1;1;2;17
2856;1;1;2;16
2858;1;1;2;32
2859;1;1;2;32
2860;1;1;2;31
2862;1;1;2;31
2863;1;1;2;30
2864;1;1;2;16
2867;1;1;2;30
2868;1;1;2;26
2869;1;1;2;17
2870;1;1;2;31
2871;1;1;2;16
2872;1;1;2;17
2873;1;1;2;31
2876;1;1;2;32
2877;1;1;2;30
2878;1;1;2;31
2879;1;1;2;17
2880;1;1;2;16
2881;1;1;2;32
2882;1;1;2;32
2883;1;1;2;17
2884;1;1;2;17
2886;1;1;2;23
2887;1;1;2;17
2888;1;1;3;38
2889;1;1;2;31
2890;1;1;2;30
2891;1;1;2;30
2893;1;1;2;31
2895;1;1;2;17
2896;1;1;2;31
2898;1;1;3;33
2899;1;1;2;23
2902;1;1;2;17
2903;1;1;2;17
2905;1;1;2;17
2906;1;1;2;17
2907;1;1;2;17
2908;1;1;2;12
2909;1;1;2;17
2910;1;1;2;30
2911;1;1;2;32
2914;1;1;3;42
2917;1;1;2;26
2918;1;1;2;32
2919;1;1;2;31
2920;1;1;3;33
2922;1;1;3;33
2924;1;1;2;32
2926;1;1;3;33
2928;1;1;2;17
2930;1;1;2;23
2931;1;1;2;31
2933;1;1;2;12
2934;1;1;2;17
2936;1;1;2;31
2941;1;1;2;26
2942;1;1;3;41
2943;1;1;2;12
2944;1;1;2;23
2945;1;1;2;23
2946;1;1;3;42
2947;1;1;2;12
2948;1;1;2;29
2949;1;1;2;17
2950;1;1;2;26
2951;1;1;2;17
2954;1;1;3;42
2955;1;1;3;38
2956;1;1;2;17
2959;1;1;2;32
2960;1;1;2;31
2961;1;1;3;42
2962;1;1;2;31
2963;1;1;2;17
2965;1;1;2;26
2967;1;1;2;31
2968;1;1;2;17
2971;1;1;2;26
2972;1;1;2;17
2973;1;1;2;32
2974;1;1;2;12
2975;1;1;2;32
2976;1;1;2;26
2977;1;1;2;32
2978;1;1;2;17
2979;1;1;2;17
2980;1;1;3;33
2982;1;1;2;26
2985;1;1;2;17
2986;1;1;2;12
2987;1;1;3;42
2988;1;1;2;32
2989;1;1;2;26
2992;1;1;2;32
2993;1;1;2;29
2995;1;1;2;32
2996;1;1;2;17
2997;1;1;2;17
2998;1;1;2;12
3000;1;1;2;23
3001;1;1;3;42
3002;1;1;2;17
3003;1;1;2;32
3005;1;1;2;23
3007;1;1;2;17
3008;1;1;2;17
3009;1;1;2;31
3010;1;1;2;27
3011;1;1;2;17
3012;1;1;2;32
3015;1;1;2;17
3018;1;1;2;31
3020;1;1;2;23
3021;1;1;2;31
3022;1;1;2;31
3023;1;1;2;31
3024;1;1;2;17
3025;1;1;2;31
3027;1;1;2;29
3030;1;1;2;23
3031;1;1;2;17
3032;1;1;2;26
3033;1;1;2;32
3034;1;1;2;32
3035;1;1;2;17
3037;1;1;2;31
3039;1;1;2;31
3043;1;1;2;17
3045;1;1;2;32
3047;1;1;2;23
3052;1;1;2;30
3053;1;1;2;31
3057;1;1;2;23
3059;1;1;2;26
3060;1;1;2;32
3061;1;1;2;17
3064;1;1;2;12
3069;1;1;2;17
3070;1;1;2;31
3071;1;1;3;38
3072;1;1;2;23
3075;1;1;2;30
3077;1;1;2;12
3078;1;1;2;17
3079;1;1;2;31
3080;1;1;2;26
3081;1;1;2;12
3082;1;1;2;30
3083;1;1;2;30
3084;1;1;2;26
3089;1;1;2;17
3091;1;1;2;31
3093;1;1;2;32
3094;1;1;2;17
3097;1;1;2;17
3098;1;1;2;23
3099;1;1;2;26
3100;1;1;2;12
3101;1;1;2;17
3104;1;1;2;17
3107;1;1;3;42
3108;1;1;2;26
3109;1;1;2;26
3111;1;1;2;31
3114;1;1;2;29
3115;1;1;2;31
3116;1;1;2;26
3117;1;1;2;12
3118;1;1;2;17
3119;1;1;2;26
3121;1;1;2;29
3123;1;1;2;32
3124;1;1;2;26
3126;1;1;2;26
3128;1;1;2;17
3129;1;1;2;17
3133;1;1;2;23
3135;1;1;2;17
3137;1;1;2;17
3139;1;1;2;31
3140;1;1;2;31
3141;1;1;3;38
3143;1;1;2;17
3144;1;1;2;31
3145;1;1;2;31
3146;1;1;2;31
3147;1;1;2;17
3148;1;1;2;27
3149;1;1;2;17
3150;1;1;2;23
3151;1;1;2;31
3154;1;1;3;33
3157;1;1;2;31
3159;1;1;2;17
3160;1;1;2;31
3162;1;1;2;31
3163;1;1;2;17
3165;1;1;3;38
3166;1;1;2;32
3168;1;1;2;30
3174;1;1;2;23
3176;1;1;2;31
3177;1;1;2;26
3180;1;1;2;30
3182;1;1;2;17
3187;1;1;3;38
3195;1;1;2;12
3197;1;1;2;31
3198;1;1;2;31
3200;1;1;2;32
3202;1;1;3;38
3203;1;1;2;26
3213;1;1;2;26
3216;1;1;2;32
3217;1;1;2;32
3218;1;1;3;38
3223;1;1;2;31
3224;1;1;2;31
3232;1;1;2;17
3233;1;1;2;17
3238;1;1;2;31
3239;1;1;2;12
3243;1;1;2;23
3246;1;1;2;30
3248;1;1;2;17
3249;1;1;2;17
3253;1;1;2;32
3258;1;1;3;33
3259;1;1;2;30
3266;1;1;2;32
3268;1;1;2;31
3274;1;1;2;17
3275;1;1;3;33
3280;1;1;2;26
3288;1;1;2;12
3289;1;1;2;12
3297;1;1;2;26
3300;1;1;2;26
3307;1;1;2;17
3308;1;1;2;23
3309;1;1;2;17
3310;1;1;2;30
3311;1;1;2;26
3313;1;1;2;26
3314;1;1;2;32
3316;1;1;2;17
3317;1;1;3;38
3318;1;1;2;31
3320;1;1;2;31
3325;1;1;2;31
3326;1;1;2;17
3331;1;1;2;23
3335;1;1;2;30
3336;1;1;2;17
3337;1;1;2;23
3338;1;1;2;26
3340;1;1;2;12
3341;1;1;2;12
3342;1;1;2;17
3344;1;1;2;32
3345;1;1;2;23
3346;1;1;2;26
3348;1;1;3;38
3351;1;1;2;29
3352;1;1;2;31
3353;1;1;2;30
3354;1;1;2;31
3356;1;1;2;17
3357;1;1;2;17
3359;1;1;2;17
3362;1;1;2;17
3363;1;1;2;17
3364;1;1;2;17
3365;1;1;3;41
3366;1;1;2;17
3368;1;1;2;12
3370;1;1;2;12
3371;1;1;2;26
3372;1;1;2;17
3375;1;1;2;29
3376;1;1;3;42
3377;1;1;2;32
3378;1;1;2;17
3379;1;1;2;17
3383;1;1;2;26
3384;1;1;2;17
3386;1;1;2;23
3387;1;1;2;26
3388;1;1;2;29
3393;1;1;2;12
3395;1;1;2;31
3397;1;1;2;31
3398;1;1;2;12
3399;1;1;2;17
3401;1;1;2;17
3402;1;1;2;30
3404;1;1;2;17
3407;1;1;3;38
3408;1;1;3;38
3410;1;1;2;32
3412;1;1;2;31
3414;1;1;2;31
3415;1;1;3;38
3417;1;1;2;30
3420;1;1;2;17
3422;1;1;2;31
3423;1;1;2;31
3424;1;1;2;31
3426;1;1;3;42
3427;1;1;2;17
3428;1;1;2;23
3429;1;1;2;17
3430;1;1;3;42
3431;1;1;3;42
3433;1;1;2;26
3434;1;1;2;17
3438;1;1;2;30
3439;1;1;2;17
3440;1;1;2;17
3441;1;1;2;17
3442;1;1;2;32
3443;1;1;2;31
3444;1;1;2;17
3445;1;1;2;23
3447;1;1;2;31
3448;1;1;2;23
3449;1;1;2;31
3450;1;1;2;23
3453;1;1;2;30
3455;1;1;3;38
3457;1;1;2;32
3459;1;1;2;31
3465;1;1;2;31
3466;1;1;2;32
3467;1;1;2;26
3470;1;1;2;17
3472;1;1;2;32
3477;1;1;2;31
3483;1;1;2;26
3485;1;1;2;32
3490;1;1;3;33
3498;1;1;2;26
3499;1;1;2;12
3501;1;1;3;38
3507;1;1;2;31
3511;1;1;2;12
3512;1;1;2;31
3514;1;1;2;17
3515;1;1;2;17
3519;1;1;2;12
3522;1;1;2;32
3543;1;1;2;17
3544;1;1;2;31
3567;1;1;2;17
3596;1;1;2;32
3599;1;1;3;42
3600;1;1;2;31
3605;1;1;2;31
3608;1;1;2;31
3611;1;1;3;42
3612;1;7;9;116
3613;1;7;9;117
3614;1;7;9;123
3615;1;7;9;124
3616;1;7;9;125
3617;1;7;9;126
3618;1;7;9;141
3619;1;7;9;124
3620;1;7;9;123
3621;1;7;9;128
3622;1;7;9;129
3623;1;7;9;130
3624;1;7;9;142
3625;1;7;9;131
3626;1;7;9;132
3627;1;7;9;130
3628;1;7;9;133
3629;1;7;9;124
3630;1;7;9;124
3631;1;7;9;134
3632;1;7;9;135
3633;1;7;9;136
3634;1;7;9;137
3635;1;7;9;138
3636;1;7;9;134
3637;1;7;9;116
3638;1;7;9;130
3639;1;7;9;139
3640;1;7;9;150
3641;1;7;9;130
3642;1;7;9;140
3643;1;7;9;134
3644;1;7;9;141
3645;1;7;9;131
3646;1;7;9;128
3647;1;7;9;142
3648;1;7;9;117
3649;1;7;9;130
3650;1;7;9;139
3651;1;7;9;132
3652;1;7;9;141
3653;1;7;9;143
3654;1;7;9;123
3655;1;7;9;116
3656;1;7;9;123
3657;1;7;9;125
3658;1;7;9;125
3659;1;7;9;141
3660;1;7;9;137
3661;1;7;9;144
3662;1;7;9;128
3663;1;7;9;125
3664;1;7;9;116
3665;1;7;9;116
3666;1;7;9;137
3667;1;7;9;136
3668;1;7;9;137
3669;1;7;9;145
3670;1;7;9;137
3671;1;7;9;130
3672;1;7;9;152
3673;1;7;9;126
3674;1;7;9;146
3675;1;7;9;123
3676;1;7;9;123
3677;1;7;9;131
3678;1;7;9;135
3679;1;7;9;147
3680;1;7;9;123
3681;1;7;9;148
3682;1;7;9;124
3683;1;7;9;142
3684;1;7;9;142
3685;1;7;9;137
3686;1;7;9;144
3687;1;7;9;124
3688;1;7;9;142
3689;1;7;9;130
3690;1;7;9;136
3691;1;7;9;152
3692;1;7;9;149
3693;1;7;9;124
3694;1;7;9;124
3695;1;7;9;150
3696;1;7;9;138
3697;1;7;9;147
3698;1;7;9;132
3699;1;7;9;131
3700;1;7;9;130
3701;1;7;9;144
3702;1;7;9;129
3703;1;7;9;124
3704;1;7;9;123
3705;1;7;9;127
3706;1;7;9;131
3707;1;7;9;131
3708;1;7;9;131
3709;1;7;9;131
3710;1;7;9;136
3711;1;7;9;134
3712;1;7;9;142
3713;1;7;9;142
3714;1;7;9;131
3715;1;7;9;131
3716;1;7;9;125
3717;1;7;9;131
3718;1;7;9;131
3719;1;7;9;131
3720;1;7;9;151
3721;1;7;9;131
3722;1;7;9;131
3723;1;7;9;136
3724;1;7;9;130
3725;1;7;9;135
3726;1;7;9;131
3727;1;7;9;131
3728;1;7;9;133
3729;1;7;9;132
3730;1;7;9;124
3731;1;7;9;133
3732;1;7;9;133
3733;1;7;9;127
3734;1;7;9;148
3735;1;7;9;124
3736;1;7;9;124
3737;1;7;9;131
3738;1;7;9;142
3739;1;7;9;130
3740;1;7;9;124
3741;1;7;9;131
3742;1;7;9;137
3743;1;7;9;131
3744;1;7;9;148
3745;1;7;9;135
3746;1;7;9;131
3747;1;7;9;131
3748;1;7;9;129
3749;1;7;9;127
3750;1;7;9;131
3751;1;7;9;116
3752;1;7;9;134
3753;1;7;9;125
3754;1;7;9;125
3755;1;7;9;125
3756;1;7;9;148
3757;1;7;9;131
3758;1;7;9;130
3759;1;7;9;127
3760;1;7;9;148
3761;1;7;9;128
3762;1;7;9;137
3763;1;7;9;124
3764;1;7;9;128
3765;1;7;9;124
3766;1;7;9;137
3767;1;7;9;141
3768;1;7;9;137
3769;1;7;9;143
3770;1;7;9;124
3771;1;7;9;131
3772;1;7;9;149
3773;1;7;9;136
3774;1;7;9;131
3775;1;7;9;116
3776;1;7;9;130
3777;1;7;9;125
3778;1;7;9;128
3779;1;7;9;127
3780;1;7;9;148
3781;1;7;9;140
3782;1;7;9;141
3783;1;7;9;148
3784;1;7;9;145
3785;1;7;9;152
3786;1;7;9;125
3787;1;7;9;123
3788;1;7;9;145
3789;1;7;9;145
3790;1;7;9;148
3791;1;7;9;127
3792;1;7;9;135
3793;1;7;9;128
3794;1;7;9;117
3795;1;7;9;131
3796;1;7;9;141
3797;1;7;9;142
3798;1;7;9;148
3799;1;7;9;124
3800;1;7;9;148
3801;1;7;9;128
3803;1;7;9;124
3804;1;7;9;123
3805;1;7;9;135
3806;1;7;9;125
3807;1;7;9;127
3808;1;7;9;154
3809;1;7;9;128
3810;1;7;9;151
3811;1;7;9;131
3812;1;7;9;149
3813;1;7;9;133
3814;1;7;9;130
3815;1;7;9;117
3816;1;7;9;150
3817;1;7;9;128
3818;1;7;9;136
3819;1;7;9;141
3820;1;7;9;126
3821;1;7;9;148
3822;1;7;9;148
3823;1;7;9;125
3824;1;7;9;132
3825;1;7;9;151
3826;1;7;9;147
3827;1;7;9;130
3828;1;7;9;133
3829;1;7;9;123
3830;1;7;9;125
3831;1;7;9;141
3832;1;7;9;133
3833;1;7;9;137
3834;1;7;9;125
3835;1;7;9;148
3836;1;7;9;126
3837;1;7;9;125
3838;1;7;9;132
3839;1;7;9;132
3840;1;7;9;117
3841;1;7;9;126
3842;1;7;9;139
3843;1;7;9;140
3844;1;7;9;116
3845;1;7;9;126
3846;1;7;9;124
3847;1;7;9;148
3848;1;7;9;124
3849;1;7;9;130
3850;1;7;9;132
3851;1;7;9;130
3852;1;7;9;135
3853;1;7;9;151
3854;1;7;9;132
3855;1;7;9;127
3856;1;7;9;141
3857;1;7;9;148
3858;1;7;9;128
3859;1;7;9;145
3860;1;7;9;135
3861;1;7;9;131
3862;1;7;9;133
3863;1;7;9;123
3864;1;7;9;132
3865;1;7;9;128
3866;1;7;9;139
3867;1;7;9;133
3868;1;7;9;150
3869;1;7;9;142
3870;1;7;9;141
3871;1;7;9;136
3872;1;7;9;124
3873;1;7;9;124
3874;1;7;9;136
3875;1;7;9;134
3876;1;7;9;137
3877;1;7;9;154
3878;1;7;9;130
3879;1;7;9;124
3880;1;7;9;132
3881;1;7;9;126
3882;1;7;9;142
3883;1;7;9;149
3884;1;7;9;123
3885;1;7;9;150
3886;1;7;9;124
3887;1;7;9;128
3888;1;7;9;147
3889;1;7;9;126
3890;1;7;9;125
3891;1;7;9;148
3892;1;7;9;130
3893;1;7;9;125
3894;1;7;9;126
3895;1;7;9;123
3896;1;7;9;128
3897;1;7;9;136
3898;1;7;9;147
3899;1;7;9;132
3900;1;7;9;132
3901;1;7;9;147
3902;1;7;9;117
3903;1;7;9;142
3904;1;7;9;148
3905;1;7;9;128
3906;1;7;9;117
3907;1;7;9;147
3908;1;7;9;135
3909;1;7;9;147
3910;1;7;9;130
3911;1;7;9;125
3912;1;7;9;133
3913;1;7;9;128
3914;1;7;9;137
3915;1;7;9;153
3916;1;7;9;148
3917;1;7;9;147
3918;1;7;9;132
3919;1;7;9;132
3920;1;7;9;130
3921;1;7;9;147
3922;1;7;9;135
3923;1;7;9;125
3924;1;7;9;138
3925;1;7;9;152
3926;1;7;9;141
3927;1;7;9;134
3928;1;7;9;142
3929;1;7;9;130
3931;1;7;9;137
3932;1;7;9;128
3933;1;7;9;137
3934;1;7;9;135
3935;1;7;9;137
3936;1;7;9;137
3937;1;7;9;126
3938;1;7;9;148
3939;1;7;9;124
3940;1;7;9;132
3941;1;7;9;140
3942;1;7;9;130
3943;1;7;9;134
3944;1;7;9;148
3945;1;7;9;123
3946;1;7;9;130
3947;1;7;9;142
3948;1;7;9;132
3949;1;7;9;133
3950;1;7;9;136
3951;1;7;9;130
3952;1;7;9;128
3953;1;7;9;124
3954;1;7;9;141
3955;1;7;9;150
3956;1;7;9;141
3957;1;7;9;144
3958;1;7;9;137
3959;1;7;9;148
3960;1;7;9;116
3961;1;7;9;150
3962;1;7;9;136
3963;1;7;9;141
3964;1;7;9;136
3965;1;7;9;116
3966;1;7;9;137
3967;1;7;9;137
3968;1;7;9;134
3969;1;7;9;148
3970;1;7;9;135
3971;1;7;9;142
3972;1;7;9;142
3973;1;7;9;151
3974;1;7;9;123
3975;1;7;9;128
3976;1;7;9;128
3977;1;7;9;136
3978;1;7;9;140
3979;1;7;9;127
3980;1;7;9;137
3981;1;7;9;128
3982;1;7;9;133
3983;1;7;9;139
3984;1;7;9;142
3985;1;7;9;130
3986;1;7;9;124
3987;1;7;9;134
3988;1;7;9;145
3989;1;7;9;136
3990;1;7;9;126
3991;1;7;9;139
3992;1;7;9;131
3993;1;7;9;130
3994;1;7;9;130
3995;1;7;9;142
3996;1;7;9;132
3997;1;7;9;141
3998;1;7;9;135
3999;1;7;9;148
4000;1;7;9;145
4001;1;7;9;128
4002;1;7;9;123
4003;1;7;9;130
4004;1;7;9;130
4005;1;7;9;146
4006;1;7;9;125
4007;1;7;9;141
4008;1;7;9;116
4009;1;7;9;117
4010;1;7;9;125
4011;1;7;9;135
4012;1;7;9;147
4013;1;7;9;123
4014;1;7;9;135
4015;1;7;9;132
4016;1;7;9;142
4017;1;7;9;148
4018;1;7;9;130
4019;1;7;9;124
4020;1;7;9;142
4021;1;7;9;125
4022;1;7;9;141
4023;1;7;9;123
4024;1;7;9;123
4025;1;7;9;145
4026;1;7;9;150
4027;1;7;9;131
4028;1;7;9;123
4029;1;7;9;137
4030;1;7;9;123
4031;1;7;9;146
4032;1;7;9;136
4033;1;7;9;135
4034;1;7;9;123
4035;1;7;9;132
4036;1;7;9;131
4037;1;7;9;142
4038;1;7;9;141
4039;1;7;9;125
4040;1;7;9;135
4041;1;7;9;128
4042;1;7;9;128
4043;1;7;9;142
4044;1;7;9;142
4045;1;7;9;136
4046;1;7;9;132
4047;1;7;9;131
4048;1;7;9;130
4049;1;7;9;136
4050;1;7;9;137
4051;1;7;9;117
4052;1;7;9;133
4053;1;7;9;124
4054;1;7;9;131
4055;1;7;9;141
4056;1;7;9;141
4057;1;7;9;147
4058;1;7;9;131
4059;1;7;9;138
4060;1;7;9;147
4061;1;7;9;124
4062;1;7;9;116
4063;1;7;9;137
4064;1;7;9;125
4065;1;7;9;142
4066;1;7;9;130
4067;1;7;9;132
4068;1;7;9;125
4069;1;7;9;147
4070;1;7;9;131
4071;1;7;9;136
4072;1;7;9;127
4073;1;7;9;130
4074;1;7;9;129
4075;1;7;9;136
4076;1;7;9;128
4077;1;7;9;129
4078;1;7;9;132
4079;1;7;9;145
4080;1;7;9;146
4081;1;7;9;133
4082;1;7;9;148
4083;1;7;9;136
4084;1;7;9;128
4085;1;7;9;116
4086;1;7;9;129
4087;1;7;9;136
4088;1;7;9;137
4089;1;7;9;142
4090;1;7;9;124
4091;1;7;9;131
4092;1;7;9;137
4093;1;7;9;123
4094;1;7;9;133
4095;1;7;9;124
4096;1;7;9;128
4097;1;7;9;154
4098;1;7;9;146
4099;1;7;9;137
4100;1;7;9;127
4101;1;7;9;117
4102;1;7;9;142
4103;1;7;9;127
4104;1;7;9;125
4105;1;7;9;150
4106;1;7;9;138
4107;1;7;9;140
4108;1;7;9;132
4109;1;7;9;117
4110;1;7;9;137
4111;1;7;9;119
4112;1;7;9;148
4113;1;7;9;130
4114;1;7;9;134
4115;1;7;9;117
4116;1;7;9;141
4117;1;7;9;142
4118;1;7;9;124
4119;1;7;9;153
4120;1;7;9;128
4121;1;7;9;150
4122;1;7;9;125
4123;1;7;9;125
4124;1;7;9;150
4125;1;7;9;130
4126;1;7;9;130
4127;1;7;9;148
4128;1;7;9;150
4129;1;7;9;137
4130;1;7;9;128
4131;1;7;9;141
4132;1;7;9;150
4133;1;7;9;137
4134;1;7;9;136
4135;1;7;9;124
4136;1;7;9;150
4137;1;7;9;126
4138;1;7;9;130
4139;1;7;9;126
4140;1;7;9;130
4141;1;7;9;128
4142;1;7;9;141
4143;1;7;9;123
4144;1;7;9;130
4145;1;7;9;130
4146;1;7;9;128
4147;1;7;9;123
4148;1;7;9;154
4149;1;7;9;132
4150;1;7;9;123
4151;1;7;9;142
4152;1;7;9;148
4153;1;7;9;145
4154;1;7;9;128
4155;1;7;9;148
4156;1;7;9;124
4157;1;7;9;125
4158;1;7;9;144
4159;1;7;9;150
4160;1;7;9;128
4161;1;7;9;130
4162;1;7;9;123
4163;1;7;9;128
4164;1;7;9;128
4165;1;7;9;130
4166;1;7;9;128
4167;1;7;9;127
4168;1;7;9;128
4169;1;7;9;137
4170;1;7;9;148
4171;1;7;9;137
4172;1;7;9;124
4173;1;7;9;128
4174;1;7;9;148
4175;1;7;9;123
4176;1;7;9;128
4177;1;7;9;128
4178;1;7;9;124
4179;1;7;9;128
4180;1;7;9;124
4181;1;7;9;139
4182;1;7;9;123
4183;1;7;9;129
4184;1;7;9;125
4185;1;7;9;124
4186;1;7;9;135
4187;1;7;9;150
4188;1;7;9;126
4189;1;7;9;141
4190;1;7;9;151
4191;1;7;9;124
4192;1;7;9;142
4193;1;7;9;132
4194;1;7;9;128
4195;1;7;9;141
4196;1;7;9;144
4197;1;7;9;150
4198;1;7;9;141
4199;1;7;9;145
4200;1;7;9;141
4201;1;7;9;137
4202;1;7;9;127
4203;1;7;9;136
4204;1;7;9;124
4205;1;7;9;142
4206;1;7;9;134
4207;1;7;9;137
4208;1;7;9;142
4209;1;7;9;130
4210;1;7;9;141
4211;1;7;9;128
4212;1;7;9;142
4213;1;7;9;130
4214;1;7;9;150
4215;1;7;9;146
4216;1;7;9;153
4217;1;7;9;130
4218;1;7;9;151
4219;1;7;9;133
4220;1;7;9;130
4221;1;7;9;132
4222;1;7;9;128
4223;1;7;9;124
4224;1;7;9;117
4225;1;7;9;130
4226;1;7;9;141
4227;1;7;9;137
4228;1;7;9;151
4229;1;7;9;123
4230;1;7;9;133
4231;1;7;9;124
4232;1;7;9;148
4233;1;7;9;125
4234;1;7;9;150
4235;1;7;9;147
4236;1;7;9;142
4237;1;7;9;150
4238;1;7;9;137
4239;1;7;9;131
4240;1;7;9;137
4241;1;7;9;125
4242;1;7;9;123
4243;1;7;9;148
4244;1;7;9;123
4245;1;7;9;124
4246;1;7;9;128
4247;1;7;9;150
4248;1;7;9;135
4249;1;7;9;148
4250;1;7;9;128
4251;1;7;9;137
4252;1;7;9;130
4253;1;7;9;124
4254;1;7;9;124
4255;1;7;9;123
4256;1;7;9;144
4257;1;7;9;135
4258;1;7;9;124
4259;1;7;9;145
4260;1;7;9;131
4261;1;7;9;138
4262;1;7;9;125
4263;1;7;9;139
4264;1;7;9;137
4265;1;7;9;145
4266;1;7;9;128
4267;1;7;9;141
4268;1;7;9;136
4269;1;7;9;142
4270;1;7;9;126
4271;1;7;9;133
4272;1;7;9;153
4273;1;7;9;130
4274;1;7;9;127
4275;1;7;9;123
4276;1;7;9;142
4277;1;7;9;126
4278;1;7;9;124
4279;1;7;9;139
4280;1;7;9;141
4281;1;7;9;150
4282;1;7;9;132
4283;1;7;9;148
4284;1;7;9;135
4285;1;7;9;137
4286;1;7;9;128
4287;1;7;9;137
4288;1;7;9;130
4289;1;7;9;128
4290;1;7;9;128
4291;1;7;9;148
4292;1;7;9;123
4293;1;7;9;137
4294;1;7;9;125
4295;1;7;9;136
4296;1;7;9;117
4297;1;7;9;150
4298;1;7;9;130
4299;1;7;9;153
4300;1;7;9;131
4301;1;7;9;123
4302;1;7;9;142
4303;1;7;9;124
4304;1;7;9;141
4305;1;7;9;124
4306;1;7;9;128
4307;1;7;9;139
4308;1;7;9;125
4309;1;7;9;142
4310;1;7;9;129
4311;1;7;9;117
4312;1;7;9;151
4313;1;7;9;123
4314;1;7;9;151
4315;1;7;9;137
4316;1;7;9;130
4317;1;7;9;128
4318;1;7;9;125
4319;1;7;9;148
4320;1;7;9;125
4321;1;7;9;126
4322;1;7;9;132
4323;1;7;9;147
4324;1;7;9;124
4325;1;7;9;130
4326;1;7;9;125
4327;1;7;9;148
4328;1;7;9;130
4330;1;7;9;125
4331;1;7;9;128
4332;1;7;9;125
4333;1;7;9;124
4334;1;7;9;150
4335;1;7;9;152
4336;1;7;9;153
4337;1;7;9;137
4338;1;7;9;133
4339;1;7;9;151
4340;1;7;9;125
4341;1;7;9;150
4342;1;7;9;124
4343;1;7;9;135
4344;1;7;9;125
4345;1;7;9;136
4346;1;7;9;124
4347;1;7;9;144
4348;1;7;9;137
4349;1;7;9;151
4350;1;7;9;125
4351;1;7;9;130
4352;1;7;9;125
4353;1;7;9;125
4354;1;7;9;128
4355;1;7;9;135
4356;1;7;9;124
4357;1;7;9;124
4358;1;7;9;124
4359;1;7;9;130
4360;1;7;9;150
4361;1;7;9;137
4362;1;7;9;124
4363;1;7;9;124
4364;1;7;9;147
4365;1;7;9;130
4366;1;7;9;126
4367;1;7;9;128
4368;1;7;9;125
4369;1;7;9;142
4370;1;7;9;117
4371;1;7;9;142
4372;1;7;9;132
4373;1;7;9;139
4374;1;7;9;137
4375;1;7;9;128
4376;1;7;9;150
4377;1;7;9;128
4378;1;7;9;137
4379;1;7;9;129
4380;1;7;9;123
4381;1;7;9;130
4382;1;7;9;145
4383;1;7;9;117
4384;1;7;9;128
4385;1;7;9;124
4386;1;7;9;148
4387;1;7;9;137
4388;1;7;9;128
4389;1;7;9;148
4390;1;7;9;128
4391;1;7;9;141
4392;1;7;9;130
4393;1;7;9;133
4394;1;7;9;125
4395;1;7;9;128
4396;1;7;9;129
4397;1;7;9;128
4398;1;7;9;130
4399;1;7;9;137
4400;1;7;9;129
4401;1;7;9;133
4402;1;7;9;130
4403;1;7;9;125
4404;1;7;9;133
4405;1;7;9;142
4406;1;7;9;130
4407;1;7;9;123
4408;1;7;9;124
4409;1;7;9;123
4410;1;7;9;137
4411;1;7;9;125
4412;1;7;9;135
4413;1;7;9;132
4414;1;7;9;125
4415;1;7;9;124
4416;1;7;9;137
4417;1;7;9;130
4418;1;7;9;130
4419;1;7;9;125
4420;1;7;9;132
4421;1;7;9;141
4422;1;7;9;124
4423;1;7;9;130
4424;1;7;9;142
4425;1;7;9;141
4426;1;7;9;124
4427;1;7;9;124
4428;1;7;9;136
4429;1;7;9;146
4430;1;7;9;142
4431;1;7;9;128
4432;1;7;9;130
4433;1;7;9;125
4434;1;7;9;144
4435;1;7;9;136
4436;1;7;9;139
4437;1;7;9;145
4438;1;7;9;142
4439;1;7;9;147
4440;1;7;9;135
4441;1;7;9;124
4442;1;7;9;126
4443;1;7;9;124
4444;1;7;9;132
4445;1;7;9;126
4446;1;7;9;150
4447;1;7;9;125
4448;1;7;9;146
4449;1;7;9;148
4450;1;7;9;124
4451;1;7;9;124
4452;1;7;9;150
4453;1;7;9;126
4454;1;7;9;139
4455;1;7;9;124
4456;1;7;9;144
4457;1;7;9;137
4458;1;7;9;141
4459;1;7;9;124
4460;1;7;9;147
4461;1;7;9;137
4462;1;7;9;145
4463;1;7;9;123
4464;1;7;9;135
4465;1;7;9;125
4466;1;7;9;151
4467;1;7;9;124
4468;1;7;9;144
4469;1;7;9;148
4470;1;7;9;124
4471;1;7;9;130
4472;1;7;9;154
4473;1;7;9;117
4474;1;7;9;123
4475;1;7;9;148
4476;1;7;9;123
4477;1;7;9;137
4478;1;7;9;130
4479;1;7;9;151
4480;1;7;9;124
4481;1;7;9;137
4482;1;7;9;141
4483;1;7;9;137
4484;1;7;9;151
4485;1;7;9;117
4486;1;7;9;141
4487;1;7;9;137
4488;1;7;9;130
4489;1;7;9;124
4490;1;7;9;130
4491;1;7;9;130
4492;1;7;9;142
4493;1;7;9;137
4494;1;7;9;125
4495;1;7;9;130
4496;1;7;9;124
4497;1;7;9;132
4498;1;7;9;153
4499;1;7;9;148
4500;1;7;9;130
4501;1;7;9;147
4502;1;7;9;150
4503;1;7;9;141
4504;1;7;9;148
4505;1;7;9;154
4506;1;7;9;145
4507;1;7;9;148
4508;1;7;9;133
4509;1;7;9;128
4510;1;7;9;137
4511;1;7;9;132
4512;1;7;9;148
4513;1;7;9;133
4514;1;7;9;138
4515;1;7;9;150
4516;1;7;9;150
4517;1;7;9;153
4518;1;7;9;128
4519;1;7;9;148
4520;1;7;9;133
4521;1;7;9;134
4522;1;7;9;128
4523;1;7;9;125
4524;1;7;9;127
4525;1;7;9;153
4526;1;7;9;128
4527;1;7;9;141
4528;1;7;9;128
4529;1;7;9;150
4530;1;7;9;145
4531;1;7;9;126
4532;1;7;9;124
4533;1;7;9;132
4534;1;7;9;141
4535;1;7;9;141
4536;1;7;9;148
4537;1;7;9;124
4538;1;7;9;132
4539;1;7;9;145
4540;1;7;9;150
4541;1;7;9;125
4542;1;7;9;137
4543;1;7;9;144
4544;1;7;9;127
4545;1;7;9;132
4546;1;7;9;135
4547;1;7;9;153
4548;1;7;9;148
4549;1;7;9;142
4550;1;7;9;141
4551;1;7;9;128
4552;1;7;9;136
4553;1;7;9;132
4554;1;7;9;124
4555;1;7;9;132
4556;1;7;9;133
4557;1;7;9;129
4558;1;7;9;150
4559;1;7;9;135
4560;1;7;9;128
4561;1;7;9;128
4562;1;7;9;151
4563;1;7;9;150
4564;1;7;9;135
4565;1;7;9;148
4566;1;7;9;126
4567;1;7;9;124
4568;1;7;9;154
4569;1;7;9;130
4570;1;7;9;129
4571;1;7;9;148
4572;1;7;9;128
4573;1;7;9;148
4574;1;7;9;125
4575;1;7;9;117
4576;1;7;9;151
4577;1;7;9;130
4578;1;7;9;127
4579;1;7;9;132
4580;1;7;9;124
4581;1;7;9;145
4582;1;7;9;123
4583;1;7;9;130
4584;1;7;9;130
4585;1;7;9;125
4586;1;7;9;117
4587;1;7;9;151
4588;1;7;9;125
4589;1;7;9;123
4590;1;7;9;142
4591;1;7;9;141
4593;1;7;9;132
4594;1;7;9;136
4595;1;7;9;130
4596;1;7;9;130
4597;1;7;9;142
4598;1;7;9;151
4599;1;7;9;137
4600;1;7;9;129
4601;1;7;9;135
4602;1;7;9;124
4603;1;7;9;145
4604;1;7;9;148
4605;1;7;9;125
4606;1;7;9;151
4607;1;7;9;148
4608;1;7;9;132
4609;1;7;9;142
4611;1;7;9;134
4612;1;7;9;132
4613;1;7;9;138
4614;1;7;9;116
4615;1;7;9;142
4616;1;7;9;125
4617;1;7;9;146
4618;1;7;9;141
4619;1;7;9;128
4620;1;7;9;141
4621;1;7;9;137
4622;1;7;9;127
4623;1;7;9;142
4624;1;7;9;140
4625;1;7;9;142
4626;1;7;9;123
4627;1;7;9;116
4628;1;7;9;137
4629;1;7;9;148
4630;1;7;9;135
4631;1;7;9;129
4632;1;7;9;130
4633;1;7;9;144
4634;1;7;9;135
4635;1;7;9;136
4636;1;7;9;135
4637;1;7;9;123
4638;1;7;9;125
4639;1;7;9;129
4640;1;7;9;124
4641;1;7;9;123
4642;1;7;9;142
4643;1;7;9;135
4644;1;7;9;140
4645;1;7;9;137
4646;1;7;9;125
4647;1;7;9;128
4648;1;7;9;128
4649;1;7;9;128
4650;1;7;9;135
4651;1;7;9;124
4652;1;7;9;149
4653;1;7;9;133
4654;1;7;9;130
4655;1;7;9;147
4656;1;7;9;125
4657;1;7;9;151
4658;1;7;9;124
4659;1;7;9;126
4660;1;7;9;137
4661;1;7;9;125
4662;1;7;9;148
4663;1;7;9;146
4664;1;7;9;128
4665;1;7;9;136
4666;1;7;9;142
4667;1;7;9;137
4668;1;7;9;142
4669;1;7;9;130
4670;1;7;9;154
4671;1;7;9;132
4672;1;7;9;148
4673;1;7;9;135
4674;1;7;9;126
4675;1;7;9;131
4676;1;7;9;124
4677;1;7;9;136
4678;1;7;9;124
4679;1;7;9;125
4680;1;7;9;128
4681;1;7;9;128
4682;1;7;9;123
4683;1;7;9;126
4684;1;7;9;136
4685;1;7;9;148
4686;1;7;9;145
4687;1;7;9;130
4688;1;7;9;124
4689;1;7;9;128
4690;1;7;9;129
4691;1;7;9;137
4692;1;7;9;124
4693;1;7;9;125
4694;1;7;9;130
4695;1;7;9;147
4696;1;7;9;148
4697;1;7;9;125
4698;1;7;9;129
4699;1;7;9;128
4700;1;7;9;137
4701;1;7;9;129
4702;1;7;9;123
4703;1;7;9;148
4704;1;7;9;148
4705;1;7;9;142
4706;1;7;9;128
4707;1;7;9;132
4708;1;7;9;148
4709;1;7;9;128
4710;1;7;9;125
4711;1;7;9;125
4712;1;7;9;123
4713;1;7;9;130
4714;1;7;9;129
4715;1;7;9;123
4716;1;7;9;123
4717;1;7;9;137
4718;1;7;9;130
4719;1;7;9;151
4720;1;7;9;129
4721;1;7;9;137
4722;1;7;9;132
4723;1;7;9;124
4724;1;7;9;146
4725;1;7;9;132
4726;1;7;9;130
4727;1;7;9;130
4728;1;7;9;129
4729;1;7;9;154
4730;1;7;9;148
4731;1;7;9;124
4732;1;7;9;136
4733;1;7;9;148
4734;1;7;9;137
4735;1;7;9;130
4736;1;7;9;145
4737;1;7;9;142
4738;1;7;9;135
4739;1;7;9;123
4740;1;7;9;148
4741;1;7;9;127
4742;1;7;9;133
4743;1;7;9;133
4744;1;7;9;148
4745;1;7;9;130
4746;1;7;9;127
4747;1;7;9;129
4748;1;7;9;132
4749;1;7;9;129
4750;1;7;9;139
4751;1;7;9;132
4752;1;7;9;145
4753;1;7;9;137
4754;1;7;9;128
4755;1;7;9;129
4756;1;7;9;124
4757;1;7;9;125
4758;1;7;9;137
4759;1;7;9;138
4760;1;7;9;128
4761;1;7;9;130
4762;1;7;9;125
4763;1;7;9;130
4764;1;7;9;125
4765;1;7;9;130
4766;1;7;9;140
4767;1;7;9;133
4768;1;7;9;137
4769;1;7;9;133
4770;1;7;9;154
4771;1;7;9;142
4772;1;7;9;130
4773;1;7;9;130
4774;1;7;9;151
4775;1;7;9;125
4776;1;7;9;125
4777;1;7;9;130
4778;1;7;9;123
4779;1;7;9;148
4780;1;7;9;136
4781;1;7;9;123
4782;1;7;9;125
4783;1;7;9;129
4784;1;7;9;138
4785;1;7;9;125
4786;1;7;9;135
4787;1;7;9;137
4788;1;7;9;117
4789;1;7;9;133
4790;1;7;9;128
4791;1;7;9;150
4792;1;7;9;146
4793;1;7;9;148
4794;1;7;9;144
4795;1;7;9;128
4796;1;7;9;141
4797;1;7;9;125
4798;1;7;9;152
4799;1;7;9;116
4800;1;7;9;129
4801;1;7;9;141
4802;1;7;9;142
4803;1;7;9;140
4804;1;7;9;148
4805;1;7;9;148
4806;1;7;9;142
4807;1;7;9;142
4808;1;7;9;147
4809;1;7;9;124
4810;1;7;9;124
4811;1;7;9;123
4812;1;7;9;130
4813;1;7;9;126
4814;1;7;9;128
4815;1;7;9;136
4816;1;7;9;133
4817;1;7;9;129
4818;1;7;9;128
4819;1;7;9;130
4820;1;7;9;151
4821;1;7;9;151
4822;1;7;9;123
4823;1;7;9;132
4824;1;7;9;140
4825;1;7;9;151
4826;1;7;9;142
4827;1;7;9;136
4828;1;7;9;142
4829;1;7;9;148
4830;1;7;9;124
4831;1;7;9;142
4832;1;7;9;127
4833;1;7;9;132
4834;1;7;9;125
4835;1;7;9;125
4836;1;7;9;142
4837;1;7;9;149
4838;1;7;9;148
4839;1;7;9;144
4840;1;7;9;129
4841;1;7;9;149
4842;1;7;9;142
4843;1;7;9;127
4844;1;7;9;137
4845;1;7;9;153
4846;1;7;9;143
4848;1;7;9;125
4849;1;7;9;132
4850;1;7;9;148
4851;1;7;9;125
4852;1;7;9;141
4853;1;7;9;142
4854;1;7;9;153
4855;1;7;9;148
4856;1;7;9;133
4857;1;7;9;133
4858;1;7;9;141
4859;1;7;9;132
4860;1;7;9;132
4861;1;7;9;136
4862;1;7;9;128
4863;1;7;9;117
4864;1;7;9;128
4865;1;7;9;137
4866;1;7;9;133
4867;1;7;9;148
4868;1;7;9;151
4869;1;7;9;136
4870;1;7;9;124
4871;1;7;9;131
4872;1;7;9;125
4873;1;7;9;140
4874;1;7;9;125
4875;1;7;9;124
4876;1;7;9;149
4877;1;7;9;128
4878;1;7;9;127
4879;1;7;9;154
4880;1;7;9;131
4881;1;7;9;150
4882;1;7;9;124
4883;1;7;9;132
4884;1;7;9;142
4885;1;7;9;123
4886;1;7;9;142
4887;1;7;9;124
4888;1;7;9;125
4889;1;7;9;125
4890;1;7;9;141
4891;1;7;9;136
4892;1;7;9;131
4893;1;7;9;136
4894;1;7;9;127
4895;1;7;9;141
4896;1;7;9;136
4897;1;7;9;149
4898;1;7;9;133
4899;1;7;9;127
4900;1;7;9;128
4901;1;7;9;142
4902;1;7;9;124
4903;1;7;9;135
4904;1;7;9;147
4905;1;7;9;125
4906;1;7;9;148
4907;1;7;9;137
4908;1;7;9;127
4909;1;7;9;137
4910;1;7;9;125
4911;1;7;9;148
4912;1;7;9;130
4913;1;7;9;137
4914;1;7;9;128
4915;1;7;9;117
4916;1;7;9;124
4917;1;7;9;128
4918;1;7;9;133
4919;1;7;9;124
4920;1;7;9;133
4921;1;7;9;133
4922;1;7;9;139
4923;1;7;9;117
4924;1;7;9;136
4925;1;7;9;117
4926;1;7;9;130
4927;1;7;9;142
4928;1;7;9;142
4929;1;7;9;124
4930;1;7;9;127
4931;1;7;9;117
4932;1;7;9;128
4933;1;7;9;127
4934;1;7;9;148
4935;1;7;9;147
4936;1;7;9;117
4937;1;7;9;132
4938;1;7;9;142
4939;1;7;9;136
4940;1;7;9;139
4941;1;7;9;124
4942;1;7;9;148
4943;1;7;9;146
4944;1;7;9;130
4945;1;7;9;142
4946;1;7;9;153
4947;1;7;9;116
4948;1;7;9;138
4949;1;7;9;116
4950;1;7;9;141
4951;1;7;9;148
4952;1;7;9;116
4953;1;7;9;126
4954;1;7;9;135
4955;1;7;9;127
4956;1;7;9;128
4957;1;7;9;125
4958;1;7;9;137
4959;1;7;9;125
4960;1;7;9;125
4961;1;7;9;125
4962;1;7;9;133
4963;1;7;9;117
4964;1;7;9;124
4965;1;7;9;125
4966;1;7;9;133
4967;1;7;9;141
4968;1;7;9;137
4969;1;7;9;133
4970;1;7;9;117
4971;1;7;9;134
4972;1;7;9;125
4973;1;7;9;124
4974;1;7;9;125
4975;1;7;9;143
4976;1;7;9;124
4977;1;7;9;151
4978;1;7;9;125
4979;1;7;9;135
4980;1;7;9;146
4981;1;7;9;127
4982;1;7;9;117
4983;1;7;9;148
4984;1;7;9;151
4985;1;7;9;127
4986;1;7;9;145
4987;1;7;9;153
4988;1;7;9;148
4989;1;7;9;136
4990;1;7;9;138
4991;1;7;9;130
4992;1;7;9;124
4993;1;7;9;138
4994;1;7;9;133
4995;1;7;9;125
4996;1;7;9;127
4997;1;7;9;117
4998;1;7;9;132
4999;1;7;9;128
5000;1;7;9;124
5001;1;7;9;117
5002;1;7;9;125
5003;1;7;9;140
5004;1;7;9;137
5005;1;7;9;137
5006;1;7;9;133
5007;1;7;9;130
5008;1;7;9;127
5009;1;7;9;135
5010;1;7;9;142
5011;1;7;9;117
5012;1;7;9;151
5013;1;7;9;132
5014;1;7;9;136
5015;1;7;9;127
5016;1;7;9;124
5017;1;7;9;132
5018;1;7;9;150
5019;1;7;9;148
5020;1;7;9;149
5021;1;7;9;141
5022;1;7;9;146
5023;1;7;9;146
5024;1;7;9;125
5025;1;7;9;128
5026;1;7;9;133
5027;1;7;9;130
5028;1;7;9;124
5029;1;7;9;151
5030;1;7;9;136
5031;1;7;9;117
5032;1;7;9;138
5033;1;7;9;128
5034;1;7;9;135
5035;1;7;9;148
5036;1;7;9;128
5037;1;7;9;137
5038;1;7;9;133
5039;1;7;9;137
5040;1;7;9;141
5041;1;7;9;123
5042;1;7;9;137
5043;1;7;9;148
5044;1;7;9;150
5045;1;7;9;145
5046;1;7;9;137
5047;1;7;9;129
5048;1;7;9;148
5049;1;7;9;125
5050;1;7;9;128
5051;1;7;9;125
5052;1;7;9;124
5053;1;7;9;145
5054;1;7;9;127
5055;1;7;9;141
5056;1;7;9;130
5057;1;7;9;135
5058;1;7;9;148
5059;1;7;9;130
5060;1;7;9;139
5061;1;7;9;142
5062;1;7;9;146
5063;1;7;9;154
5064;1;7;9;130
5065;1;7;9;127
5066;1;7;9;133
5067;1;7;9;146
5068;1;7;9;130
5069;1;7;9;116
5070;1;7;9;124
5071;1;7;9;140
5072;1;7;9;133
5073;1;7;9;123
5074;1;7;9;133
5075;1;7;9;140
5076;1;7;9;148
5077;1;7;9;125
5078;1;7;9;125
5079;1;7;9;117
5080;1;7;9;148
5081;1;7;9;136
5082;1;7;9;131
5083;1;7;9;129
5084;1;7;9;130
5085;1;7;9;137
5086;1;7;9;124
5087;1;7;9;148
5088;1;7;9;129
5089;1;7;9;142
5090;1;7;9;125
5091;1;7;9;128
5092;1;7;9;133
5093;1;7;9;133
5094;1;7;9;152
5095;1;7;9;133
5096;1;7;9;147
5097;1;7;9;138
5098;1;7;9;128
5099;1;7;9;126
5100;1;7;9;117
5101;1;7;9;130
5102;1;7;9;148
5103;1;7;9;133
5104;1;7;9;129
5105;1;7;9;148
5106;1;7;9;140
5107;1;7;9;125
5108;1;7;9;148
5109;1;7;9;148
5110;1;7;9;148
5111;1;7;9;132
5112;1;7;9;138
5113;1;7;9;130
5114;1;7;9;138
5115;1;7;9;148
5116;1;7;9;138
5117;1;7;9;124
5118;1;7;9;135
5119;1;7;9;127
5120;1;7;9;142
5121;1;7;9;136
5122;1;7;9;151
5123;1;7;9;144
5124;1;7;9;153
5125;1;7;9;150
5126;1;7;9;126
5127;1;7;9;146
5128;1;7;9;148
5129;1;7;9;129
5130;1;7;9;124
5131;1;7;9;124
5132;1;7;9;141
5133;1;7;9;125
5134;1;7;9;148
5135;1;7;9;130
5136;1;7;9;141
5137;1;7;9;148
5138;1;7;9;150
5139;1;7;9;146
5140;1;7;9;154
5141;1;7;9;130
5142;1;7;9;148
5143;1;7;9;132
5144;1;7;9;153
5145;1;7;9;141
5146;1;7;9;127
5147;1;7;9;127
5148;1;7;9;148
5149;1;7;9;135
5150;1;7;9;117
5151;1;7;9;125
5152;1;7;9;148
5153;1;7;9;117
5154;1;7;9;137
5155;1;7;9;148
5156;1;7;9;130
5157;1;7;9;145
5158;1;7;9;141
5159;1;7;9;132
5160;1;7;9;143
5161;1;7;9;142
5162;1;7;9;139
5163;1;7;9;130
5164;1;7;9;148
5165;1;7;9;142
5166;1;7;9;116
5167;1;7;9;133
5168;1;7;9;151
5169;1;7;9;142
5170;1;7;9;142
5171;1;7;9;117
5172;1;7;9;133
5173;1;7;9;126
5174;1;7;9;130
5175;1;7;9;148
5176;1;7;9;133
5177;1;7;9;144
5179;1;7;9;130
5180;1;7;9;136
5181;1;7;9;128
5182;1;7;9;146
5183;1;7;9;130
5184;1;7;9;151
5185;1;7;9;148
5186;1;7;9;141
5187;1;7;9;138
5188;1;7;9;131
5189;1;7;9;134
5190;1;7;9;141
5191;1;7;9;124
5192;1;7;9;125
5193;1;7;9;130
5194;1;7;9;117
5195;1;7;9;124
5196;1;7;9;150
5197;1;7;9;141
5198;1;7;9;155
5199;1;7;9;148
5200;1;7;9;133
5201;1;7;9;151
5202;1;7;9;129
5203;1;7;9;127
5204;1;7;9;136
5205;1;7;9;135
5206;1;7;9;128
5207;1;7;9;123
5208;1;7;9;128
5209;1;7;9;154
5210;1;7;9;124
5211;1;7;9;133
5212;1;7;9;126
5213;1;7;9;125
5214;1;7;9;133
5215;1;7;9;137
5216;1;7;9;153
5217;1;7;9;124
5218;1;7;9;132
5219;1;7;9;153
5220;1;7;9;130
5221;1;7;9;125
5222;1;7;9;116
5223;1;7;9;150
5224;1;7;9;123
5225;1;7;9;142
5226;1;7;9;138
5227;1;7;9;124
5228;1;7;9;137
5229;1;7;9;125
5230;1;7;9;127
5231;1;7;9;124
5232;1;7;9;136
5233;1;7;9;136
5234;1;7;9;136
5235;1;7;9;135
5236;1;7;9;141
5237;1;7;9;116
5238;1;7;9;130
5239;1;7;9;131
5240;1;7;9;147
5241;1;7;9;148
5242;1;7;9;130
5243;1;7;9;123
5244;1;7;9;136
5245;1;7;9;141
5246;1;7;9;142
5247;1;7;9;128
5248;1;7;9;137
5249;1;7;9;124
5250;1;7;9;116
5251;1;7;9;133
5252;1;7;9;124
5253;1;7;9;135
5254;1;7;9;123
5255;1;7;9;141
5256;1;7;9;148
5257;1;7;9;133
5258;1;7;9;129
5259;1;7;9;133
5260;1;7;9;141
5261;1;7;9;136
5262;1;7;9;130
5263;1;7;9;124
5264;1;7;9;125
5265;1;7;9;117
5266;1;7;9;142
5267;1;7;9;124
5268;1;7;9;128
5269;1;7;9;130
5270;1;7;9;125
5271;1;7;9;130
5272;1;7;9;147
5273;1;7;9;133
5274;1;7;9;124
5275;1;7;9;125
5276;1;7;9;142
5277;1;7;9;136
5278;1;7;9;124
5279;1;7;9;135
5280;1;7;9;129
5281;1;7;9;149
5282;1;7;9;137
5283;1;7;9;127
5284;1;7;9;142
5285;1;7;9;151
5286;1;7;9;142
5287;1;7;9;144
5288;1;7;9;141
5289;1;7;9;136
5290;1;7;9;136
5291;1;7;9;141
5292;1;7;9;130
5293;1;7;9;125
5294;1;7;9;153
5295;1;7;9;130
5296;1;7;9;128
5297;1;7;9;144
5298;1;7;9;125
5299;1;7;9;133
5300;1;7;9;129
5301;1;7;9;125
5302;1;7;9;150
5303;1;7;9;142
5304;1;7;9;148
5305;1;7;9;142
5306;1;7;9;132
5307;1;7;9;137
5308;1;7;9;139
5309;1;7;9;124
5310;1;7;9;125
5311;1;7;9;148
5312;1;7;9;141
5313;1;7;9;137
5314;1;7;9;144
5315;1;7;9;125
5316;1;7;9;127
5317;1;7;9;138
5318;1;7;9;128
5319;1;7;9;142
5320;1;7;9;125
5321;1;7;9;137
5322;1;7;9;150
5323;1;7;9;148
5324;1;7;9;150
5325;1;7;9;130
5326;1;7;9;141
5327;1;7;9;117
5328;1;7;9;124
5329;1;7;9;124
5330;1;7;9;128
5331;1;7;9;148
5332;1;7;9;153
5333;1;7;9;124
5334;1;7;9;130
5335;1;7;9;133
5336;1;7;9;137
5337;1;7;9;130
5338;1;7;9;125
5339;1;7;9;141
5340;1;7;9;140
5341;1;7;9;135
5342;1;7;9;139
5343;1;7;9;130
5344;1;7;9;140
5345;1;7;9;124
5346;1;7;9;124
5347;1;7;9;128
5348;1;7;9;124
5349;1;7;9;154
5350;1;7;9;125
5351;1;7;9;142
5352;1;7;9;133
5353;1;7;9;151
5354;1;7;9;137
5355;1;7;9;145
5356;1;7;9;137
5357;1;7;9;136
5358;1;7;9;123
5359;1;7;9;139
5360;1;7;9;142
5361;1;7;9;132
5362;1;7;9;151
5363;1;7;9;129
5364;1;7;9;133
5365;1;7;9;126
5366;1;7;9;137
5367;1;7;9;117
5368;1;7;9;146
5369;1;7;9;148
5370;1;7;9;138
5371;1;7;9;142
5372;1;7;9;142
5373;1;7;9;147
5374;1;7;9;150
5375;1;7;9;117
5376;1;7;9;136
5377;1;7;9;150
5378;1;7;9;148
5379;1;7;9;132
5380;1;7;9;128
5381;1;7;9;141
5382;1;7;9;142
5383;1;7;9;117
5384;1;7;9;137
5385;1;7;9;148
5386;1;7;9;148
5387;1;7;9;150
5388;1;7;9;135
5389;1;7;9;141
5390;1;7;9;123
5391;1;7;9;123
5392;1;7;9;142
5393;1;7;9;132
5394;1;7;9;133
5395;1;7;9;133
5396;1;7;9;124
5397;1;7;9;138
5398;1;7;9;142
5399;1;7;9;142
5400;1;7;9;150
5401;1;7;9;133
5402;1;7;9;142
5403;1;7;9;137
5404;1;7;9;148
5405;1;7;9;142
5406;1;7;9;127
5407;1;7;9;149
5408;1;7;9;136
5409;1;7;9;137
5410;1;7;9;131
5411;1;7;9;129
5412;1;7;9;145
5413;1;7;9;137
5414;1;7;9;136
5415;1;7;9;116
5416;1;7;9;142
5417;1;7;9;125
5418;1;7;9;150
5419;1;7;9;125
5420;1;7;9;125
5421;1;7;9;138
5422;1;7;9;130
5423;1;7;9;124
5424;1;7;9;137
5425;1;7;9;141
5426;1;7;9;146
5427;1;7;9;124
5428;1;7;9;125
5429;1;7;9;147
5430;1;7;9;135
5431;1;7;9;135
5432;1;7;9;133
5433;1;7;9;141
5434;1;7;9;125
5435;1;7;9;146
5436;1;7;9;136
5437;1;7;9;150
5438;1;7;9;144
5439;1;7;9;130
5440;1;7;9;130
5441;1;7;9;133
5442;1;7;9;137
5443;1;7;9;138
5444;1;7;9;133
5445;1;7;9;148
5446;1;7;9;130
5447;1;7;9;116
5448;1;7;9;133
5449;1;7;9;131
5450;1;7;9;130
5451;1;7;9;139
5452;1;7;9;137
5453;1;7;9;125
5454;1;7;9;125
5455;1;7;9;137
5456;1;7;9;125
5457;1;7;9;155
5458;1;7;9;136
5459;1;7;9;136
5460;1;7;9;125
5461;1;7;9;148
5462;1;7;9;141
5463;1;7;9;139
5464;1;7;9;137
5465;1;7;9;153
5466;1;7;9;141
5467;1;7;9;125
5468;1;7;9;141
5469;1;7;9;125
5470;1;7;9;125
5471;1;7;9;125
5472;1;7;9;124
5473;1;7;9;146
5474;1;7;9;145
5475;1;7;9;148
5476;1;7;9;135
5477;1;7;9;145
5478;1;7;9;131
5479;1;7;9;148
5480;1;7;9;126
5481;1;7;9;126
5482;1;7;9;124
5483;1;7;9;128
5484;1;7;9;151
5485;1;7;9;155
5486;1;7;9;126
5487;1;7;9;137
5488;1;7;9;125
5489;1;7;9;148
5490;1;7;9;148
5491;1;7;9;144
5492;1;7;9;146
5493;1;7;9;147
5494;1;7;9;148
5495;1;7;9;125
5496;1;7;9;148
5497;1;7;9;137
5498;1;7;9;143
5499;1;7;9;130
5500;1;7;9;125
5501;1;7;9;124
5502;1;7;9;125
5503;1;7;9;128
5504;1;7;9;125
5505;1;7;9;134
5506;1;7;9;138
5507;1;7;9;123
5508;1;7;9;123
5509;1;7;9;136
5510;1;7;9;133
5511;1;7;9;148
5512;1;7;9;126
5513;1;7;9;124
5514;1;7;9;125
5515;1;7;9;130
5516;1;7;9;136
5517;1;7;9;125
5518;1;7;9;130
5519;1;7;9;139
5520;1;7;9;147
5521;1;7;9;125
5522;1;7;9;130
5523;1;7;9;128
5524;1;7;9;139
5525;1;7;9;137
5526;1;7;9;140
5527;1;7;9;123
5528;1;7;9;139
5529;1;7;9;146
5530;1;7;9;138
5531;1;7;9;147
5532;1;7;9;129
5533;1;7;9;128
5534;1;7;9;139
5535;1;7;9;148
5537;1;7;9;117
5538;1;7;9;124
5539;1;7;9;125
5540;1;7;9;124
5541;1;7;9;136
5542;1;7;9;137
5543;1;7;9;125
5544;1;7;9;124
5545;1;7;9;130
5546;1;7;9;125
5547;1;7;9;148
5548;1;7;9;147
5549;1;7;9;129
5550;1;7;9;140
5551;1;7;9;141
5552;1;7;9;138
5553;1;7;9;130
5554;1;7;9;148
5555;1;7;9;116
5556;1;7;9;125
5557;1;7;9;117
5558;1;7;9;128
5559;1;7;9;147
5560;1;7;9;127
5561;1;7;9;129
5562;1;7;9;124
5563;1;7;9;140
5564;1;7;9;147
5565;1;7;9;151
5566;1;7;9;134
5567;1;7;9;155
5568;1;7;9;147
5569;1;7;9;125
5570;1;7;9;139
5571;1;7;9;125
5572;1;7;9;117
5573;1;7;9;133
5574;1;7;9;141
5575;1;7;9;137
5576;1;7;9;142
5577;1;7;9;145
5578;1;7;9;142
5579;1;7;9;119
5580;1;7;9;124
5581;1;7;9;128
5582;1;7;9;136
5583;1;7;9;151
5584;1;7;9;150
5585;1;7;9;150
5586;1;7;9;130
5587;1;7;9;148
5588;1;7;9;147
5589;1;7;9;126
5590;1;7;9;125
5591;1;7;9;116
5592;1;7;9;136
5593;1;7;9;139
5594;1;7;9;137
5595;1;7;9;151
5596;1;7;9;142
5597;1;7;9;151
5598;1;7;9;132
5599;1;7;9;125
5600;1;7;9;139
5601;1;7;9;132
5602;1;7;9;148
5603;1;7;9;133
5604;1;7;9;135
5605;1;7;9;130
5606;1;7;9;125
5607;1;7;9;136
5608;1;7;9;147
5609;1;7;9;130
5610;1;7;9;141
5611;1;7;9;127
5612;1;7;9;142
5613;1;7;9;130
5614;1;7;9;137
5615;1;7;9;125
5616;1;7;9;124
5617;1;7;9;128
5618;1;7;9;145
5619;1;7;9;128
5620;1;7;9;126
5621;1;7;9;142
5622;1;7;9;150
5623;1;7;9;136
5624;1;7;9;140
5625;1;7;9;133
5626;1;7;9;124
5627;1;7;9;131
5628;1;7;9;130
5629;1;7;9;130
5630;1;7;9;145
5631;1;7;9;130
5632;1;7;9;137
5633;1;7;9;132
5634;1;7;9;130
5635;1;7;9;146
5636;1;7;9;125
5637;1;7;9;134
5638;1;7;9;127
5639;1;7;9;145
5640;1;7;9;148
5641;1;7;9;140
5642;1;7;9;124
5643;1;7;9;147
5644;1;7;9;147
5645;1;7;9;128
5646;1;7;9;118
5647;1;7;9;139
5648;1;7;9;125
5649;1;7;9;130
5650;1;7;9;152
5651;1;7;9;142
5652;1;7;9;123
5653;1;7;9;116
5654;1;7;9;130
5655;1;7;9;132
5656;1;7;9;147
5657;1;7;9;117
5658;1;7;9;154
5659;1;7;9;130
5660;1;7;9;146
5661;1;7;9;142
5662;1;7;9;124
5663;1;7;9;146
5664;1;7;9;124
5665;1;7;9;116
5666;1;7;9;131
5667;1;7;9;140
5668;1;7;9;130
5669;1;7;9;128
5670;1;7;9;124
5671;1;7;9;150
5672;1;7;9;123
5673;1;7;9;151
5674;1;7;9;130
5675;1;7;9;128
5676;1;7;9;137
5677;1;7;9;144
5678;1;7;9;128
5679;1;7;9;124
5680;1;7;9;124
5681;1;7;9;125
5682;1;7;9;124
5683;1;7;9;150
5684;1;7;9;142
5685;1;7;9;142
5686;1;7;9;124
5687;1;7;9;142
5688;1;7;9;142
5689;1;7;9;124
5690;1;7;9;129
5691;1;7;9;128
5692;1;7;9;128
5693;1;7;9;147
5694;1;7;9;133
5695;1;7;9;128
5696;1;7;9;130
5697;1;7;9;116
5698;1;7;9;123
5699;1;7;9;130
5700;1;7;9;128
5701;1;7;9;131
5702;1;7;9;127
5703;1;7;9;137
5704;1;7;9;137
5705;1;7;9;135
5706;1;7;9;133
5707;1;7;9;140
5708;1;7;9;147
5709;1;7;9;127
5710;1;7;9;131
5711;1;7;9;117
5712;1;7;9;132
5713;1;7;9;136
5714;1;7;9;123
5715;1;7;9;124
5716;1;7;9;136
5717;1;7;9;130
5718;1;7;9;151
5719;1;7;9;130
5720;1;7;9;139
5721;1;7;9;136
5722;1;7;9;130
5723;1;7;9;136
5724;1;7;9;154
5725;1;7;9;134
5726;1;7;9;130
5727;1;7;9;131
5728;1;7;9;153
5729;1;7;9;147
5730;1;7;9;146
5731;1;7;9;128
5732;1;7;9;148
5733;1;7;9;144
5734;1;7;9;136
5735;1;7;9;144
5736;1;7;9;137
5737;1;7;9;153
5738;1;7;9;151
5739;1;7;9;125
5740;1;7;9;132
5741;1;7;9;137
5742;1;7;9;133
5743;1;7;9;130
5744;1;7;9;129
5745;1;7;9;139
5746;1;7;9;130
5747;1;7;9;116
5748;1;7;9;129
5749;1;7;9;131
5750;1;7;9;136
5751;1;7;9;137
5752;1;7;9;149
5753;1;7;9;131
5755;1;1;2;17
5756;1;1;2;30
5758;1;7;9;151
5760;1;7;9;123
5761;1;7;9;130
5762;1;7;9;124
5763;1;1;2;31
5764;1;7;9;129
5765;1;7;9;148
5766;1;7;9;125
5767;1;7;9;132
5769;1;1;2;26
5770;1;7;9;141
5771;1;7;9;129
5772;1;7;9;148
5773;1;1;3;39
5775;1;7;9;148
5777;1;1;2;26
5778;1;7;9;124
5779;1;7;9;123
5780;1;7;9;137
5781;1;7;9;128
5783;1;7;9;146
5784;1;1;2;30
5785;1;7;9;132
5788;1;7;9;149
5789;1;7;9;130
5790;1;1;2;26
5793;1;7;9;127
5794;1;7;9;144
5795;1;7;9;125
5796;1;7;9;133
5797;1;7;9;130
5798;1;7;9;117
5799;1;1;2;28
5801;1;7;9;125
5802;1;7;9;132
5803;1;1;2;26
5804;1;7;9;148
5805;1;7;9;117
5806;1;7;9;128
5807;1;7;9;130
5809;1;7;9;126
5811;1;7;9;141
5813;1;7;9;125
5814;1;7;9;128
5816;1;7;9;137
5817;1;7;9;133
5818;1;7;9;131
5820;1;7;9;128
5821;1;1;2;17
5822;1;7;9;128
5823;1;7;9;142
5825;1;7;9;116
5826;1;1;2;17
5828;1;1;3;42
5830;1;7;9;131
5831;1;7;9;148
5832;1;7;9;150
5833;1;7;9;142
5834;1;7;9;128
5835;1;7;9;125
5836;1;7;9;130
5837;1;7;9;150
5838;1;7;9;136
5839;1;7;9;141
5840;1;7;9;134
5841;1;7;9;137
5842;1;7;9;130
5843;1;7;9;125
5844;1;7;9;153
5845;1;7;9;141
5846;1;7;9;142
5847;1;7;9;135
5848;1;7;9;123
5849;1;7;9;124
5850;1;7;9;125
5851;1;7;9;150
5852;1;7;9;125
5853;1;7;9;123
5854;1;7;9;148
5855;1;7;9;141
5856;1;7;9;135
5857;1;7;9;147
5858;1;7;9;135
5859;1;7;9;130
5860;1;7;9;144
5861;1;7;9;128
5862;1;7;9;123
5863;1;7;9;124
5864;1;7;9;135
5865;1;7;9;117
5866;1;7;9;129
5867;1;7;9;140
5868;1;7;9;132
5869;1;7;9;134
5870;1;7;9;124
5871;1;7;9;148
5872;1;7;9;131
5873;1;7;9;145
5874;1;7;9;151
5875;1;7;9;133
5876;1;7;9;123
5877;1;7;9;134
5878;1;7;9;130
5879;1;7;9;130
5880;1;7;9;137
5881;1;7;9;117
5882;1;7;9;154
5883;1;7;9;124
5884;1;7;9;125
5885;1;7;9;125
5886;1;7;9;124
5887;1;7;9;148
5888;1;7;9;130
5889;1;7;9;135
5890;1;7;9;133
5891;1;7;9;153
5892;1;7;9;129
5893;1;7;9;151
5894;1;7;9;142
5895;1;7;9;134
5896;1;7;9;139
5897;1;7;9;151
5898;1;7;9;136
5899;1;7;9;132
5900;1;7;9;132
5901;1;7;9;130
5902;1;7;9;136
5903;1;7;9;136
5904;1;7;9;133
5905;1;7;9;125
5906;1;7;9;137
5907;1;7;9;135
5908;1;7;9;124
5909;1;7;9;137
5910;1;7;9;148
5911;1;7;9;125
5912;1;7;9;135
5913;1;7;9;128
5914;1;7;9;133
5915;1;7;9;142
5916;1;7;9;124
5917;1;7;9;130
5918;1;7;9;144
5919;1;7;9;137
5920;1;7;9;141
5921;1;7;9;138
5922;1;7;9;147
5923;1;7;9;128
5924;1;7;9;135
5925;1;7;9;128
5926;1;7;9;137
5927;1;7;9;136
5928;1;7;9;138
5929;1;7;9;132
5930;1;7;9;146
5931;1;7;9;142
5932;1;7;9;137
5933;1;7;9;145
5934;1;7;9;137
5935;1;7;9;131
5936;1;7;9;148
5937;1;7;9;125
5938;1;7;9;142
5939;1;7;9;141
5940;1;7;9;124
5941;1;7;9;142
5942;1;7;9;145
5943;1;7;9;148
5944;1;7;9;138
5945;1;7;9;139
5946;1;7;9;142
5947;1;7;9;150
5948;1;7;9;131
5949;1;7;9;124
5950;1;7;9;123
5951;1;7;9;139
5952;1;7;9;130
5953;1;7;9;135
5954;1;7;9;150
5955;1;7;9;150
5956;1;7;9;130
5957;1;7;9;128
5958;1;7;9;142
5959;1;7;9;135
5960;1;7;9;131
5961;1;7;9;131
5962;1;7;9;137
5963;1;7;9;125
5964;1;7;9;124
5965;1;7;9;139
5966;1;7;9;128
5967;1;7;9;148
5968;1;7;9;130
5969;1;7;9;131
5970;1;7;9;129
5971;1;7;9;137
5972;1;7;9;129
5973;1;7;9;131
5974;1;7;9;126
5975;1;7;9;116
5976;1;7;9;123
5977;1;7;9;135
5978;1;7;9;130
5979;1;7;9;123
5980;1;7;9;148
5981;1;7;9;125
5982;1;7;9;142
5983;1;7;9;132
5984;1;7;9;141
5985;1;7;9;130
5986;1;7;9;127
5987;1;7;9;128
5988;1;7;9;132
5989;1;7;9;128
5990;1;7;9;128
5991;1;7;9;128
5992;1;7;9;148
5993;1;7;9;129
5994;1;7;9;142
5995;1;7;9;130
5996;1;7;9;131
5997;1;7;9;147
5998;1;7;9;130
5999;1;7;9;137
6000;1;7;9;133
6001;1;7;9;135
6002;1;7;9;129
6003;1;7;9;126
6004;1;7;9;130
6005;1;7;9;138
6006;1;7;9;133
6007;1;7;9;137
6008;1;7;9;117
6009;1;7;9;127
6010;1;7;9;141
6011;1;7;9;125
6012;1;7;9;139
6013;1;7;9;128
6014;1;7;9;132
6015;1;7;9;125
6016;1;7;9;125
6017;1;7;9;128
6018;1;7;9;130
6019;1;7;9;124
6020;1;7;9;125
6021;1;7;9;140
6022;1;7;9;130
6023;1;7;9;133
6024;1;7;9;141
6025;1;7;9;128
6026;1;7;9;146
6027;1;7;9;142
6028;1;7;9;154
6029;1;7;9;137
6030;1;7;9;125
6031;1;7;9;142
6032;1;7;9;117
6033;1;7;9;146
6034;1;7;9;124
6035;1;7;9;130
6036;1;7;9;124
6037;1;7;9;148
6038;1;7;9;125
6039;1;7;9;128
6040;1;7;9;133
6041;1;7;9;142
6042;1;7;9;148
6043;1;7;9;125
6044;1;7;9;128
6045;1;7;9;130
6046;1;7;9;116
6047;1;7;9;130
6048;1;7;9;126
6049;1;7;9;125
6050;1;7;9;128
6051;1;7;9;145
6052;1;7;9;130
6053;1;7;9;124
6054;1;7;9;128
6055;1;7;9;141
6056;1;7;9;150
6057;1;7;9;143
6058;1;7;9;130
6059;1;7;9;142
6060;1;7;9;130
6061;1;7;9;137
6062;1;7;9;123
6063;1;7;9;137
6064;1;7;9;137
6065;1;7;9;148
6066;1;7;9;142
6067;1;7;9;123
6068;1;7;9;150
6069;1;7;9;117
6070;1;7;9;148
6071;1;7;9;125
6072;1;7;9;130
6073;1;7;9;124
6074;1;7;9;151
6075;1;7;9;128
6076;1;7;9;128
6077;1;7;9;127
6078;1;7;9;137
6079;1;7;9;128
6080;1;7;9;123
6081;1;7;9;130
6082;1;7;9;128
6083;1;7;9;127
6084;1;7;9;147
6085;1;7;9;123
6086;1;7;9;153
6087;1;7;9;137
6088;1;7;9;146
6089;1;7;9;146
6090;1;7;9;126
6091;1;7;9;135
6092;1;7;9;144
6093;1;7;9;137
6094;1;7;9;148
6095;1;7;9;142
6096;1;7;9;128
6097;1;7;9;148
6098;1;7;9;128
6099;1;7;9;153
6100;1;7;9;145
6101;1;7;9;142
6102;1;7;9;124
6103;1;7;9;128
6104;1;7;9;123
6105;1;7;9;123
6106;1;7;9;142
6107;1;7;9;124
6108;1;7;9;128
6109;1;7;9;143
6110;1;7;9;124
6111;1;7;9;123
6112;1;7;9;153
6113;1;7;9;132
6114;1;7;9;125
6115;1;7;9;137
6116;1;7;9;128
6117;1;7;9;130
6118;1;7;9;128
6119;1;7;9;123
6120;1;7;9;126
6121;1;7;9;155
6122;1;7;9;141
6123;1;7;9;141
6124;1;7;9;135
6125;1;7;9;116
6126;1;7;9;151
6127;1;7;9;128
6128;1;7;9;135
6129;1;7;9;135
6130;1;7;9;125
6131;1;7;9;137
6132;1;7;9;142
6133;1;7;9;128
6134;1;7;9;144
6135;1;7;9;123
6136;1;7;9;126
6137;1;7;9;150
6138;1;7;9;130
6139;1;7;9;148
6140;1;7;9;133
6141;1;7;9;124
6142;1;7;9;123
6143;1;7;9;125
6144;1;7;9;129
6145;1;7;9;128
6146;1;7;9;125
6147;1;7;9;142
6148;1;7;9;128
6149;1;7;9;142
6150;1;7;9;144
6151;1;7;9;137
6152;1;7;9;129
6153;1;7;9;138
6154;1;7;9;154
6155;1;7;9;150
6156;1;7;9;150
6157;1;7;9;124
6158;1;7;9;124
6159;1;7;9;130
6160;1;7;9;124
6161;1;7;9;130
6162;1;7;9;125
6163;1;7;9;127
6164;1;7;9;132
6165;1;7;9;149
6166;1;7;9;139
6167;1;7;9;130
6168;1;7;9;137
6169;1;7;9;130
6170;1;7;9;140
6171;1;7;9;151
6172;1;7;9;135
6173;1;7;9;150
6174;1;7;9;137
6175;1;7;9;137
6176;1;7;9;151
6177;1;7;9;153
6178;1;7;9;125
6179;1;7;9;128
6180;1;7;9;136
6181;1;7;9;117
6182;1;7;9;128
6183;1;7;9;125
6184;1;7;9;130
6185;1;7;9;135
6186;1;7;9;150
6187;1;7;9;151
6188;1;7;9;124
6189;1;7;9;135
6190;1;7;9;149
6191;1;7;9;124
6192;1;7;9;129
6193;1;7;9;135
6194;1;7;9;125
6195;1;7;9;136
6196;1;7;9;145
6197;1;7;9;132
6198;1;7;9;142
6199;1;7;9;138
6200;1;7;9;127
6201;1;7;9;125
6202;1;7;9;128
6203;1;7;9;128
6204;1;7;9;124
6205;1;7;9;129
6206;1;7;9;148
6207;1;7;9;125
6208;1;7;9;141
6209;1;7;9;142
6210;1;7;9;137
6211;1;7;9;135
6212;1;7;9;125
6213;1;7;9;128
6214;1;7;9;144
6215;1;7;9;142
6216;1;7;9;128
6217;1;7;9;137
6218;1;7;9;132
6219;1;7;9;129
6220;1;7;9;125
6221;1;7;9;124
6222;1;7;9;142
6223;1;7;9;138
6224;1;7;9;137
6225;1;7;9;135
6226;1;7;9;127
6227;1;7;9;137
6228;1;7;9;141
6229;1;7;9;128
6230;1;7;9;142
6231;1;7;9;132
6232;1;7;9;125
6233;1;7;9;151
6234;1;7;9;130
6235;1;7;9;123
6236;1;7;9;123
6237;1;7;9;127
6238;1;7;9;125
6239;1;7;9;137
6240;1;7;9;151
6241;1;7;9;127
6242;1;7;9;129
6244;1;7;9;149
6245;1;7;9;142
6246;1;7;9;130
6247;1;7;9;151
6248;1;7;9;145
6249;1;7;9;137
6250;1;7;9;124
6251;1;7;9;130
6252;1;7;9;153
6253;1;7;9;117
6254;1;7;9;132
6255;1;7;9;131
6256;1;7;9;151
6257;1;7;9;125
6258;1;7;9;137
6259;1;7;9;135
6260;1;7;9;124
6261;1;7;9;124
6262;1;7;9;141
6263;1;7;9;129
6264;1;7;9;138
6265;1;7;9;128
6266;1;7;9;142
6267;1;7;9;153
6268;1;7;9;125
6269;1;7;9;133
6270;1;7;9;129
6271;1;7;9;124
6272;1;7;9;133
6273;1;7;9;125
6274;1;7;9;130
6275;1;7;9;128
6276;1;7;9;144
6277;1;7;9;133
6278;1;7;9;141
6279;1;7;9;123
6280;1;7;9;123
6281;1;7;9;130
6282;1;7;9;142
6283;1;7;9;141
6284;1;7;9;150
6285;1;7;9;127
6286;1;7;9;124
6287;1;7;9;133
6288;1;7;9;124
6289;1;7;9;151
6290;1;7;9;137
6291;1;7;9;133
6292;1;7;9;146
6293;1;7;9;143
6294;1;7;9;130
6295;1;7;9;136
6296;1;7;9;143
6297;1;7;9;133
6298;1;7;9;133
6299;1;7;9;154
6300;1;7;9;130
6301;1;7;9;125
6302;1;7;9;133
6303;1;7;9;117
6304;1;7;9;117
6305;1;7;9;117
6306;1;7;9;146
6307;1;7;9;133
6308;1;7;9;126
6309;1;7;9;132
6310;1;7;9;135
6311;1;7;9;132
6312;1;7;9;117
6313;1;7;9;149
6314;1;7;9;151
6315;1;7;9;137
6316;1;7;9;142
6317;1;7;9;129
6318;1;7;9;130
6319;1;7;9;123
6320;1;7;9;144
6321;1;7;9;129
6322;1;7;9;127
6323;1;7;9;148
6324;1;7;9;141
6325;1;7;9;127
6326;1;7;9;128
6327;1;7;9;148
6328;1;7;9;138
6329;1;7;9;128
6330;1;7;9;129
6331;1;7;9;143
6332;1;7;9;141
6333;1;7;9;133
6334;1;7;9;148
6335;1;7;9;135
6336;1;7;9;128
6337;1;7;9;133
6338;1;7;9;130
6339;1;7;9;124
6340;1;7;9;137
6341;1;7;9;153
6342;1;7;9;154
6343;1;7;9;130
6344;1;7;9;137
6345;1;7;9;143
6346;1;7;9;130
6347;1;7;9;117
6348;1;7;9;135
6349;1;7;9;142
6350;1;7;9;133
6351;1;7;9;148
6352;1;7;9;132
6353;1;7;9;149
6354;1;7;9;125
6355;1;7;9;148
6356;1;7;9;132
6357;1;7;9;130
6358;1;7;9;127
6359;1;7;9;117
6360;1;7;9;142
6361;1;7;9;135
6362;1;7;9;129
6363;1;7;9;117
6364;1;7;9;133
6365;1;7;9;142
6366;1;7;9;125
6367;1;7;9;130
6368;1;7;9;129
6369;1;7;9;124
6370;1;7;9;139
6371;1;7;9;124
6372;1;7;9;116
6373;1;7;9;143
6374;1;7;9;136
6375;1;7;9;143
6376;1;7;9;125
6377;1;7;9;125
6378;1;7;9;130
6379;1;7;9;134
6380;1;7;9;142
6381;1;7;9;133
6382;1;7;9;133
6383;1;7;9;117
6384;1;7;9;128
6385;1;7;9;130
6386;1;7;9;139
6387;1;7;9;148
6388;1;7;9;139
6389;1;7;9;132
6390;1;7;9;140
6391;1;7;9;148
6392;1;7;9;132
6393;1;7;9;123
6394;1;7;9;142
6395;1;7;9;130
6396;1;7;9;137
6397;1;7;9;135
6398;1;7;9;130
6399;1;7;9;134
6400;1;7;9;123
6401;1;7;9;122
6402;1;7;9;142
6403;1;7;9;130
6404;1;7;9;133
6405;1;7;9;127
6406;1;7;9;132
6407;1;7;9;133
6408;1;7;9;117
6409;1;7;9;130
6410;1;7;9;151
6411;1;7;9;132
6412;1;7;9;144
6413;1;7;9;133
6414;1;7;9;141
6415;1;7;9;117
6416;1;7;9;124
6417;1;7;9;123
6418;1;7;9;149
6419;1;7;9;129
6420;1;7;9;128
6421;1;7;9;127
6422;1;7;9;142
6423;1;7;9;124
6424;1;7;9;137
6425;1;7;9;142
6426;1;7;9;146
6427;1;7;9;116
6428;1;7;9;128
6429;1;7;9;130
6430;1;7;9;116
6431;1;7;9;140
6432;1;7;9;133
6433;1;7;9;144
6434;1;7;9;124
6435;1;7;9;149
6436;1;7;9;133
6437;1;7;9;130
6438;1;7;9;151
6439;1;7;9;117
6440;1;7;9;148
6441;1;7;9;135
6442;1;7;9;140
6443;1;7;9;127
6444;1;7;9;148
6445;1;7;9;132
6446;1;7;9;126
6447;1;7;9;148
6448;1;7;9;142
6449;1;7;9;132
6450;1;7;9;136
6451;1;7;9;142
6452;1;7;9;148
6453;1;7;9;148
6454;1;7;9;148
6455;1;7;9;116
6456;1;7;9;128
6457;1;7;9;129
6458;1;7;9;117
6459;1;7;9;136
6460;1;7;9;143
6461;1;7;9;136
6462;1;7;9;127
6463;1;7;9;153
6464;1;7;9;142
6465;1;7;9;130
6466;1;7;9;148
6467;1;7;9;142
6468;1;7;9;136
6469;1;7;9;130
6470;1;7;9;136
6471;1;7;9;136
6472;1;7;9;130
6473;1;7;9;126
6474;1;7;9;153
6475;1;7;9;123
6476;1;7;9;132
6477;1;7;9;133
6478;1;7;9;125
6479;1;7;9;136
6480;1;7;9;144
6481;1;7;9;133
6482;1;7;9;141
6483;1;7;9;148
6484;1;7;9;128
6485;1;7;9;142
6486;1;7;9;124
6487;1;7;9;127
6488;1;7;9;129
6489;1;7;9;135
6490;1;7;9;130
6491;1;7;9;129
6492;1;7;9;117
6493;1;7;9;127
6494;1;7;9;146
6495;1;7;9;132
6496;1;7;9;130
6497;1;7;9;148
6498;1;7;9;135
6499;1;7;9;126
6500;1;7;9;129
6501;1;7;9;117
6502;1;7;9;125
6503;1;7;9;128
6504;1;7;9;148
6505;1;7;9;134
6506;1;7;9;128
6507;1;7;9;116
6509;1;7;9;142
6510;1;7;9;123
6511;1;7;9;132
6512;1;7;9;148
6513;1;7;9;146
6514;1;7;9;124
6515;1;7;9;142
6516;1;7;9;133
6517;1;7;9;142
6518;1;7;9;142
6519;1;7;9;125
6520;1;7;9;137
6521;1;7;9;141
6522;1;7;9;133
6523;1;7;9;128
6524;1;7;9;133
6525;1;7;9;126
6526;1;7;9;146
6527;1;7;9;144
6528;1;7;9;151
6529;1;7;9;144
6530;1;7;9;123
6531;1;7;9;117
6532;1;7;9;128
6533;1;7;9;124
6534;1;7;9;132
6535;1;7;9;148
6536;1;7;9;128
6537;1;7;9;142
6538;1;7;9;138
6539;1;7;9;125
6540;1;7;9;153
6541;1;7;9;139
6542;1;7;9;129
6543;1;7;9;133
6544;1;7;9;124
6545;1;7;9;142
6546;1;7;9;144
6547;1;7;9;117
6548;1;7;9;125
6549;1;7;9;138
6550;1;7;9;151
6551;1;7;9;124
6552;1;7;9;130
6553;1;7;9;142
6554;1;7;9;123
6555;1;7;9;130
6556;1;7;9;124
6557;1;7;9;148
6558;1;7;9;138
6559;1;7;9;145
6560;1;7;9;124
6561;1;7;9;142
6562;1;7;9;133
6563;1;7;9;127
6564;1;7;9;136
6565;1;7;9;123
6566;1;7;9;132
6567;1;7;9;125
6568;1;7;9;117
6569;1;7;9;130
6570;1;7;9;138
6571;1;7;9;132
6572;1;7;9;128
6573;1;7;9;128
6574;1;7;9;116
6576;1;7;9;117
6577;1;7;9;137
6578;1;7;9;136
6579;1;7;9;135
6580;1;7;9;125
6581;1;7;9;136
6582;1;7;9;137
6583;1;7;9;125
6584;1;7;9;116
6585;1;7;9;141
6586;1;7;9;148
6587;1;7;9;128
6588;1;7;9;126
6589;1;7;9;117
6590;1;7;9;125
6591;1;7;9;123
6592;1;7;9;149
6593;1;7;9;125
6594;1;7;9;130
6595;1;7;9;140
6596;1;7;9;128
6597;1;7;9;125
6598;1;7;9;154
6599;1;7;9;143
6600;1;7;9;136
6602;1;7;9;137
6603;1;7;9;125
6604;1;7;9;150
6605;1;7;9;128
6606;1;7;9;153
6607;1;7;9;136
6608;1;7;9;137
6609;1;7;9;142
6610;1;7;9;125
6611;1;7;9;148
6612;1;7;9;117
6613;1;7;9;143
6614;1;7;9;117
6615;1;7;9;117
6616;1;7;9;133
6617;1;7;9;123
6618;1;7;9;128
6619;1;7;9;132
6620;1;7;9;128
6621;1;7;9;139
6622;1;7;9;117
6623;1;7;9;141
6624;1;7;9;148
6625;1;7;9;125
6626;1;7;9;142
6627;1;7;9;153
6628;1;7;9;142
6629;1;7;9;148
6630;1;7;9;146
6631;1;7;9;123
6632;1;7;9;128
6633;1;7;9;132
6634;1;7;9;128
6635;1;7;9;151
6636;1;7;9;133
6637;1;7;9;136
6638;1;7;9;124
6639;1;7;9;127
6640;1;7;9;142
6641;1;7;9;128
6642;1;7;9;128
6643;1;7;9;127
6644;1;7;9;125
6645;1;7;9;125
6646;1;7;9;148
6647;1;7;9;129
6648;1;7;9;142
6649;1;7;9;142
6650;1;7;9;138
6651;1;7;9;123
6652;1;7;9;126
6653;1;7;9;150
6654;1;7;9;142
6655;1;7;9;139
6656;1;7;9;127
6657;1;7;9;137
6658;1;7;9;132
6659;1;7;9;134
6660;1;7;9;129
6661;1;7;9;128
6662;1;7;9;133
6663;1;7;9;132
6664;1;7;9;130
6665;1;7;9;148
6666;1;7;9;147
6667;1;7;9;125
6668;1;7;9;124
6669;1;7;9;130
6670;1;7;9;128
6671;1;7;9;146
6672;1;7;9;142
6673;1;7;9;129
6674;1;7;9;130
6675;1;7;9;129
6676;1;7;9;153
6677;1;7;9;147
6678;1;7;9;133
6679;1;7;9;127
6680;1;7;9;129
6681;1;7;9;130
6682;1;7;9;117
6683;1;7;9;151
6684;1;7;9;135
6685;1;7;9;123
6686;1;7;9;147
6687;1;7;9;141
6688;1;7;9;144
6689;1;7;9;123
6690;1;7;9;139
6691;1;7;9;128
6692;1;7;9;135
6693;1;7;9;151
6694;1;7;9;136
6695;1;7;9;137
6696;1;7;9;128
6697;1;7;9;128
6698;1;7;9;147
6699;1;7;9;124
6700;1;7;9;141
6701;1;7;9;125
6702;1;7;9;117
6703;1;7;9;144
6704;1;7;9;130
6705;1;7;9;133
6706;1;7;9;133
6707;1;7;9;124
6708;1;7;9;134
6709;1;7;9;133
6710;1;7;9;128
6711;1;7;9;125
6712;1;7;9;128
6713;1;7;9;137
6714;1;7;9;131
6715;1;7;9;154
6716;1;7;9;124
6717;1;7;9;136
6718;1;7;9;137
6719;1;7;9;148
6720;1;7;9;125
6721;1;7;9;142
6722;1;7;9;125
6723;1;7;9;139
6724;1;7;9;128
6725;1;7;9;119
6726;1;7;9;154
6727;1;7;9;135
6728;1;7;9;132
6729;1;7;9;130
6730;1;7;9;124
6731;1;7;9;133
6732;1;7;9;133
6733;1;7;9;125
6734;1;7;9;151
6735;1;7;9;139
6736;1;7;9;123
6737;1;7;9;128
6738;1;7;9;145
6739;1;7;9;137
6740;1;7;9;127
6741;1;7;9;116
6742;1;7;9;129
6744;1;1;3;42
6745;1;7;9;130
6746;1;7;9;130
6747;1;7;9;130
6748;1;7;9;141
6749;1;7;9;123
6750;1;7;9;148
6751;1;7;9;132
6752;1;7;9;123
6753;1;7;9;137
6754;1;7;9;124
6755;1;7;9;128
6756;1;7;9;142
6757;1;7;9;137
6758;1;7;9;144
6759;1;7;9;128
6760;1;7;9;125
6761;1;7;9;116
6762;1;7;9;142
6763;1;7;9;125
6764;1;7;9;149
6765;1;7;9;136
6766;1;7;9;129
6767;1;7;9;142
6768;1;7;9;151
6769;1;7;9;123
6770;1;7;9;146
6771;1;7;9;145
6772;1;7;9;117
6773;1;7;9;123
6774;1;7;9;137
6775;1;7;9;137
6776;1;7;9;142
6777;1;7;9;132
6778;1;7;9;142
6779;1;7;9;136
6780;1;7;9;144
6781;1;7;9;130
6782;1;7;9;145
6783;1;7;9;136
6784;1;7;9;117
6785;1;7;9;141
6786;1;7;9;150
6787;1;7;9;117
6788;1;7;9;132
6789;1;7;9;128
6790;1;7;9;128
6791;1;7;9;125
6792;1;7;9;126
6793;1;7;9;124
6794;1;7;9;133
6795;1;7;9;117
6796;1;7;9;123
6797;1;7;9;146
6798;1;7;9;124
6799;1;7;9;117
6800;1;7;9;148
6801;1;7;9;128
6802;1;7;9;124
6803;1;7;9;148
6804;1;7;9;136
6805;1;7;9;125
6806;1;7;9;128
6807;1;7;9;123
6808;1;7;9;129
6809;1;7;9;151
6810;1;7;9;125
6811;1;7;9;154
6812;1;7;9;150
6813;1;7;9;147
6814;1;7;9;137
6815;1;7;9;144
6816;1;7;9;125
6817;1;7;9;134
6818;1;7;9;126
6819;1;7;9;116
6820;1;7;9;137
6821;1;7;9;135
6822;1;7;9;136
6823;1;7;9;130
6824;1;7;9;132
6825;1;7;9;141
6826;1;7;9;135
6827;1;7;9;125
6828;1;7;9;133
6829;1;7;9;128
6830;1;7;9;132
6831;1;7;9;147
6832;1;7;9;133
6833;1;7;9;116
6834;1;7;9;128
6835;1;7;9;150
6836;1;7;9;124
6837;1;7;9;124
6838;1;7;9;148
6839;1;7;9;137
6840;1;7;9;150
6841;1;7;9;144
6842;1;7;9;126
6843;1;7;9;146
6844;1;7;9;144
6845;1;7;9;132
6846;1;7;9;125
6847;1;7;9;147
6848;1;7;9;128
6849;1;7;9;132
6850;1;7;9;124
6851;1;7;9;130
6852;1;7;9;130
6853;1;7;9;137
6854;1;7;9;150
6855;1;7;9;132
6856;1;7;9;126
6857;1;7;9;133
6858;1;7;9;127
6859;1;7;9;123
6860;1;7;9;144
6861;1;7;9;135
6862;1;7;9;148
6863;1;7;9;127
6864;1;7;9;130
6865;1;7;9;148
6866;1;7;9;137
6867;1;7;9;137
6868;1;7;9;117
6869;1;7;9;125
6870;1;7;9;125
6871;1;7;9;142
6872;1;7;9;131
6873;1;7;9;140
6874;1;7;9;130
6875;1;7;9;123
6876;1;7;9;124
6877;1;7;9;125
6878;1;7;9;147
6879;1;7;9;135
6880;1;7;9;147
6881;1;7;9;128
6882;1;7;9;134
6883;1;7;9;145
6884;1;7;9;144
6885;1;7;9;125
6886;1;7;9;132
6887;1;7;9;153
6888;1;7;9;123
6889;1;7;9;132
6890;1;7;9;144
6891;1;7;9;137
6892;1;7;9;131
6893;1;7;9;147
6894;1;7;9;124
6895;1;7;9;126
6896;1;7;9;151
6897;1;7;9;136
6898;1;7;9;128
6899;1;7;9;123
6900;1;7;9;134
6901;1;7;9;131
6902;1;7;9;124
6903;1;7;9;136
6904;1;7;9;124
6905;1;7;9;147
6906;1;7;9;130
6907;1;7;9;137
6908;1;7;9;125
6909;1;7;9;151
6910;1;7;9;150
6911;1;7;9;126
6912;1;7;9;137
6913;1;7;9;126
6914;1;7;9;126
6915;1;7;9;142
6916;1;7;9;130
6917;1;7;9;125
6918;1;7;9;137
6919;1;7;9;132
6920;1;7;9;134
6921;1;7;9;148
6922;1;7;9;123
6923;1;7;9;130
6924;1;7;9;148
6925;1;7;9;150
6926;1;7;9;135
6927;1;7;9;124
6928;1;7;9;124
6929;1;7;9;131
6930;1;7;9;133
6931;1;7;9;116
6932;1;7;9;141
6933;1;7;9;139
6934;1;7;9;124
6935;1;7;9;125
6936;1;7;9;142
6937;1;7;9;133
6938;1;7;9;131
6939;1;7;9;125
6940;1;7;9;136
6941;1;7;9;117
6942;1;7;9;123
6943;1;7;9;124
6944;1;7;9;135
6945;1;7;9;147
6946;1;7;9;123
6947;1;7;9;152
6948;1;7;9;130
6949;1;7;9;124
6950;1;7;9;117
6951;1;7;9;130
6952;1;7;9;132
6953;1;7;9;137
6954;1;7;9;135
6955;1;7;9;127
6956;1;7;9;130
6957;1;7;9;153
6958;1;7;9;150
6959;1;7;9;123
6960;1;7;9;123
6961;1;7;9;127
6962;1;7;9;133
6963;1;7;9;128
6964;1;7;9;150
6965;1;7;9;129
6966;1;7;9;142
6967;1;7;9;150
6968;1;7;9;139
6969;1;7;9;150
6970;1;7;9;142
6971;1;7;9;130
6972;1;7;9;126
6973;1;7;9;133
6974;1;7;9;116
6975;1;7;9;130
6976;1;7;9;129
6977;1;7;9;130
6978;1;7;9;125
6979;1;7;9;132
6980;1;7;9;124
6981;1;7;9;133
6982;1;7;9;143
6983;1;7;9;150
6984;1;7;9;116
6985;1;7;9;123
6986;1;7;9;139
6987;1;7;9;128
6988;1;7;9;151
6989;1;7;9;124
6990;1;7;9;144
6991;1;7;9;123
6992;1;7;9;140
6993;1;7;9;130
6994;1;7;9;150
6995;1;7;9;128
6996;1;7;9;125
6997;1;7;9;129
6998;1;7;9;123
6999;1;7;9;150
7000;1;7;9;136
7001;1;7;9;124
7002;1;7;9;150
7003;1;7;9;136
7004;1;7;9;144
7005;1;7;9;125
7006;1;7;9;135
7007;1;7;9;148
7008;1;7;9;133
7009;1;7;9;116
7010;1;7;9;133
7011;1;7;9;133
7012;1;7;9;123
7013;1;7;9;125
7014;1;7;9;137
7015;1;7;9;124
7016;1;7;9;124
7017;1;7;9;125
7018;1;7;9;137
7019;1;7;9;141
7020;1;7;9;133
7021;1;7;9;142
7022;1;7;9;150
7023;1;7;9;153
7024;1;7;9;124
7025;1;7;9;125
7026;1;7;9;137
7027;1;7;9;128
7028;1;7;9;129
7029;1;7;9;128
7030;1;7;9;128
7031;1;7;9;123
7032;1;7;9;125
7033;1;7;9;123
7034;1;7;9;137
7035;1;7;9;144
7036;1;7;9;128
7037;1;7;9;128
7038;1;7;9;147
7039;1;7;9;125
7040;1;7;9;124
7041;1;7;9;136
7042;1;7;9;127
7043;1;7;9;128
7044;1;7;9;128
7045;1;7;9;136
7046;1;7;9;124
7047;1;7;9;132
7048;1;7;9;123
7049;1;7;9;130
7050;1;7;9;155
7051;1;7;9;130
7052;1;7;9;124
7053;1;7;9;153
7054;1;7;9;130
7055;1;7;9;124
7056;1;7;9;124
7057;1;7;9;137
7058;1;7;9;143
7059;1;7;9;128
7060;1;7;9;125
7061;1;7;9;128
7062;1;7;9;124
7063;1;7;9;125
7064;1;7;9;136
7065;1;7;9;128
7066;1;7;9;144
7067;1;7;9;128
7068;1;7;9;130
7069;1;7;9;123
7070;1;7;9;123
7071;1;7;9;126
7072;1;7;9;124
7073;1;7;9;132
7074;1;7;9;128
7075;1;7;9;142
7076;1;7;9;124
7077;1;7;9;124
7078;1;7;9;127
7079;1;7;9;129
7080;1;7;9;154
7081;1;7;9;154
7082;1;7;9;128
7083;1;7;9;125
7084;1;7;9;124
7085;1;7;9;142
7086;1;7;9;135
7087;1;7;9;145
7088;1;7;9;137
7089;1;7;9;123
7090;1;7;9;128
7091;1;7;9;148
7092;1;7;9;124
7093;1;7;9;130
7094;1;7;9;124
7095;1;7;9;130
7096;1;7;9;136
7097;1;7;9;142
7098;1;7;9;125
7099;1;7;9;148
7100;1;7;9;132
7101;1;7;9;141
7102;1;7;9;142
7103;1;7;9;137
7104;1;7;9;129
7105;1;7;9;127
7106;1;7;9;125
7107;1;7;9;126
7108;1;7;9;151
7109;1;7;9;148
7110;1;7;9;128
7111;1;7;9;130
7112;1;7;9;123
7113;1;7;9;124
7114;1;7;9;117
7115;1;7;9;128
7116;1;7;9;125
7117;1;7;9;141
7118;1;7;9;124
7119;1;7;9;133
7120;1;7;9;132
7121;1;7;9;148
7122;1;7;9;128
7123;1;7;9;125
7124;1;7;9;129
7125;1;7;9;125
7126;1;7;9;127
7127;1;7;9;123
7128;1;7;9;130
7129;1;7;9;127
7130;1;7;9;127
7131;1;7;9;145
7132;1;7;9;148
7133;1;7;9;142
7134;1;7;9;154
7135;1;7;9;125
7136;1;7;9;136
7137;1;7;9;142
7138;1;7;9;137
7139;1;7;9;123
7140;1;7;9;125
7141;1;7;9;148
7142;1;7;9;133
7143;1;7;9;124
7144;1;7;9;125
7145;1;7;9;142
7146;1;7;9;155
7147;1;7;9;124
7148;1;7;9;131
7149;1;7;9;136
7150;1;7;9;124
7151;1;7;9;125
7152;1;7;9;151
7153;1;7;9;145
7154;1;7;9;141
7155;1;7;9;148
7156;1;7;9;125
7157;1;7;9;125
7158;1;7;9;128
7159;1;7;9;131
7160;1;7;9;132
7161;1;7;9;125
7162;1;7;9;137
7163;1;7;9;125
7164;1;7;9;125
7165;1;7;9;130
7166;1;7;9;132
7167;1;7;9;150
7168;1;7;9;142
7169;1;7;9;130
7170;1;7;9;124
7171;1;7;9;151
7172;1;7;9;123
7173;1;7;9;124
7174;1;7;9;124
7175;1;7;9;148
7176;1;7;9;124
7177;1;7;9;130
7178;1;7;9;136
7179;1;7;9;143
7180;1;7;9;148
7181;1;7;9;133
7182;1;7;9;135
7183;1;7;9;117
7184;1;7;9;116
7185;1;7;9;117
7186;1;7;9;117
7187;1;7;9;117
7188;1;7;9;130
7189;1;7;9;142
7190;1;7;9;146
7191;1;7;9;144
7192;1;7;9;117
7193;1;7;9;125
7194;1;7;9;126
7195;1;7;9;116
7196;1;7;9;143
7197;1;7;9;117
7198;1;7;9;133
7199;1;7;9;125
7200;1;7;9;116
7201;1;7;9;150
7202;1;7;9;126
7203;1;7;9;137
7204;1;7;9;136
7205;1;7;9;127
7206;1;7;9;128
7207;1;7;9;142
7208;1;7;9;142
7209;1;7;9;146
7210;1;7;9;133
7211;1;7;9;139
7212;1;7;9;125
7213;1;7;9;124
7214;1;7;9;150
7215;1;7;9;130
7216;1;7;9;151
7217;1;7;9;123
7218;1;7;9;133
7219;1;7;9;130
7220;1;7;9;129
7221;1;7;9;150
7222;1;7;9;128
7223;1;7;9;149
7224;1;7;9;154
7225;1;7;9;151
7226;1;7;9;132
7227;1;7;9;116
7228;1;7;9;141
7229;1;7;9;128
7230;1;7;9;135
7231;1;7;9;150
7232;1;7;9;143
7233;1;7;9;139
7234;1;7;9;141
7235;1;7;9;142
7236;1;7;9;125
7237;1;7;9;141
7238;1;7;9;133
7239;1;7;9;136
7240;1;7;9;141
7241;1;7;9;146
7242;1;7;9;151
7243;1;7;9;149
7244;1;7;9;124
7245;1;7;9;125
7246;1;7;9;148
7247;1;7;9;148
7248;1;7;9;127
7249;1;7;9;124
7250;1;7;9;130
7251;1;7;9;130
7252;1;7;9;138
7253;1;7;9;133
7254;1;7;9;116
7255;1;7;9;142
7256;1;7;9;129
7257;1;7;9;128
7258;1;7;9;141
7259;1;7;9;124
7260;1;7;9;125
7261;1;7;9;117
7262;1;7;9;124
7263;1;7;9;136
7264;1;7;9;135
7265;1;7;9;151
7266;1;7;9;142
7267;1;7;9;133
7268;1;7;9;134
7269;1;7;9;141
7270;1;7;9;138
7271;1;7;9;153
7272;1;7;9;127
7273;1;7;9;138
7274;1;7;9;133
7275;1;7;9;143
7276;1;7;9;130
7277;1;7;9;148
7278;1;7;9;124
7279;1;7;9;117
7280;1;7;9;142
7281;1;7;9;148
7282;1;7;9;125
7283;1;7;9;133
7284;1;7;9;126
7285;1;7;9;130
7286;1;7;9;125
7287;1;7;9;137
7288;1;7;9;117
7289;1;7;9;125
7290;1;7;9;136
7291;1;7;9;128
7292;1;7;9;141
7293;1;7;9;148
7294;1;7;9;141
7295;1;7;9;130
7296;1;7;9;138
7297;1;7;9;123
7298;1;7;9;154
7299;1;7;9;129
7300;1;7;9;130
7301;1;7;9;125
7302;1;7;9;133
7303;1;7;9;135
7304;1;7;9;117
7305;1;7;9;137
7306;1;7;9;146
7307;1;7;9;125
7308;1;7;9;128
7309;1;7;9;130
7310;1;7;9;138
7311;1;7;9;132
7312;1;7;9;138
7313;1;7;9;116
7314;1;7;9;137
7315;1;7;9;144
7316;1;7;9;139
7317;1;7;9;125
7318;1;7;9;125
7319;1;7;9;129
7320;1;7;9;136
7321;1;7;9;117
7322;1;7;9;132
7323;1;7;9;135
7324;1;7;9;140
7325;1;7;9;123
7326;1;7;9;130
7327;1;7;9;124
7328;1;7;9;125
7329;1;7;9;142
7330;1;7;9;142
7331;1;7;9;132
7332;1;7;9;136
7333;1;7;9;116
7334;1;7;9;132
7335;1;7;9;130
7336;1;7;9;124
7337;1;7;9;123
7338;1;7;9;148
7339;1;7;9;139
7340;1;7;9;129
7341;1;7;9;117
7342;1;7;9;127
7343;1;7;9;130
7344;1;7;9;148
7345;1;7;9;130
7346;1;7;9;153
7347;1;7;9;125
7348;1;7;9;128
7349;1;7;9;137
7350;1;7;9;128
7351;1;7;9;125
7352;1;7;9;142
7353;1;7;9;148
7354;1;7;9;141
7355;1;7;9;135
7356;1;7;9;142
7357;1;7;9;146
7358;1;7;9;144
7359;1;7;9;124
7360;1;7;9;151
7361;1;7;9;142
7362;1;7;9;142
7363;1;7;9;130
7364;1;7;9;116
7365;1;7;9;130
7366;1;7;9;138
7367;1;7;9;128
7368;1;7;9;136
7369;1;7;9;137
7370;1;7;9;142
7371;1;7;9;117
7372;1;7;9;148
7373;1;7;9;125
7374;1;7;9;125
7375;1;7;9;141
7376;1;7;9;133
7377;1;7;9;124
7378;1;7;9;148
7379;1;7;9;125
7380;1;7;9;128
7381;1;7;9;138
7382;1;7;9;125
7383;1;7;9;124
7384;1;7;9;130
7385;1;7;9;144
7386;1;7;9;116
7387;1;7;9;125
7388;1;7;9;124
7389;1;7;9;128
7390;1;7;9;125
7391;1;7;9;129
7392;1;7;9;132
7393;1;7;9;137
7394;1;7;9;123
7395;1;7;9;125
7396;1;7;9;128
7397;1;7;9;137
7398;1;7;9;116
7399;1;7;9;117
7400;1;7;9;136
7401;1;7;9;132
7402;1;7;9;125
7403;1;7;9;136
7404;1;7;9;123
7405;1;7;9;147
7406;1;7;9;128
7407;1;7;9;133
7408;1;7;9;117
7409;1;7;9;136
7410;1;7;9;127
7411;1;7;9;144
7412;1;7;9;117
7413;1;7;9;128
7414;1;7;9;140
7415;1;7;9;136
7416;1;7;9;125
7417;1;7;9;132
7418;1;7;9;130
7419;1;7;9;153
7420;1;7;9;124
7421;1;7;9;130
7422;1;7;9;135
7423;1;7;9;131
7424;1;7;9;142
7425;1;7;9;128
7426;1;7;9;125
7427;1;7;9;151
7428;1;7;9;148
7429;1;7;9;142
7430;1;7;9;150
7431;1;7;9;136
7432;1;7;9;147
7433;1;7;9;133
7434;1;7;9;128
7435;1;7;9;142
7436;1;7;9;148
7437;1;7;9;135
7438;1;7;9;128
7439;1;7;9;137
7440;1;7;9;148
7441;1;7;9;133
7442;1;7;9;132
7443;1;7;9;128
7444;1;7;9;139
7445;1;7;9;136
7446;1;7;9;148
7447;1;7;9;139
7448;1;7;9;148
7449;1;7;9;117
7450;1;7;9;117
7451;1;7;9;144
7452;1;7;9;150
7453;1;7;9;140
7454;1;7;9;141
7455;1;7;9;143
7456;1;7;9;124
7457;1;7;9;127
7458;1;7;9;147
7459;1;7;9;125
7460;1;7;9;125
7461;1;7;9;128
7462;1;7;9;117
7463;1;7;9;130
7464;1;7;9;147
7465;1;7;9;148
7466;1;7;9;147
7467;1;7;9;128
7468;1;7;9;137
7469;1;7;9;143
7470;1;7;9;142
7472;1;7;9;145
7473;1;7;9;148
7474;1;7;9;117
7475;1;7;9;153
7476;1;7;9;125
7477;1;7;9;154
7478;1;7;9;136
7479;1;7;9;142
7480;1;7;9;151
7481;1;7;9;137
7482;1;7;9;128
7483;1;7;9;148
7484;1;7;9;138
7485;1;7;9;129
7486;1;7;9;137
7487;1;7;9;126
7488;1;7;9;142
7489;1;7;9;130
7490;1;7;9;147
7491;1;7;9;142
7492;1;7;9;147
7493;1;7;9;142
7494;1;7;9;128
7495;1;7;9;126
7496;1;7;9;137
7497;1;7;9;130
7498;1;7;9;148
7499;1;7;9;147
7500;1;7;9;128
7501;1;7;9;151
7502;1;7;9;130
7503;1;7;9;137
7504;1;7;9;141
7505;1;7;9;125
7506;1;7;9;135
7507;1;7;9;145
7508;1;7;9;133
7509;1;7;9;137
7510;1;7;9;141
7511;1;7;9;129
7512;1;7;9;137
7513;1;7;9;143
7514;1;7;9;139
7515;1;7;9;126
7516;1;7;9;130
7517;1;7;9;128
7518;1;7;9;130
7519;1;7;9;132
7520;1;7;9;150
7521;1;7;9;124
7522;1;7;9;142
7523;1;7;9;146
7524;1;7;9;138
7525;1;7;9;125
7526;1;7;9;139
7527;1;7;9;148
7528;1;7;9;138
7529;1;7;9;147
7530;1;7;9;137
7531;1;7;9;130
7532;1;7;9;128
7533;1;7;9;124
7534;1;7;9;116
7535;1;7;9;154
7536;1;7;9;132
7537;1;7;9;130
7538;1;7;9;150
7539;1;7;9;126
7540;1;7;9;141
7541;1;7;9;129
7542;1;7;9;147
7543;1;7;9;149
7544;1;7;9;117
7545;1;7;9;146
7546;1;7;9;154
7547;1;7;9;137
7548;1;7;9;125
7549;1;7;9;125
7550;1;7;9;128
7551;1;7;9;135
7552;1;7;9;130
7553;1;7;9;123
7554;1;7;9;142
7555;1;7;9;126
7556;1;7;9;136
7557;1;7;9;153
7558;1;7;9;124
7559;1;7;9;124
7560;1;7;9;124
7561;1;7;9;142
7562;1;7;9;124
7563;1;7;9;147
7564;1;7;9;132
7565;1;7;9;138
7566;1;7;9;123
7567;1;7;9;147
7568;1;7;9;145
7569;1;7;9;139
7570;1;7;9;127
7571;1;7;9;124
7572;1;7;9;124
7573;1;7;9;148
7574;1;7;9;130
7575;1;7;9;133
7576;1;7;9;137
7577;1;7;9;125
7578;1;7;9;126
7581;1;7;9;142
7582;1;7;9;150
7584;1;1;2;26
7586;1;7;9;142
7587;1;7;9;141
7588;1;7;9;142
7589;1;7;9;132
7590;1;7;9;116
7592;1;7;9;130
7593;1;7;9;148
7594;1;7;9;153
7595;1;7;9;141
7596;1;7;9;151
7597;1;7;9;146
7598;1;7;9;132
7599;1;7;9;133
7600;1;7;9;133
7601;1;7;9;139
7602;1;7;9;150
7603;1;7;9;147
7604;1;7;9;128
7605;1;7;9;146
7606;1;7;9;128
7607;1;1;2;17
7608;1;1;2;32
7609;1;7;9;130
7610;1;7;9;151
7611;1;7;9;137
7612;1;7;9;141
7613;1;7;9;117
7615;1;7;9;148
7616;1;7;9;130
7617;1;7;9;140
7618;1;7;9;130
7619;1;7;9;141
7620;1;7;9;146
7621;1;7;9;128
7622;1;7;9;125
7625;1;7;9;133
7626;1;7;9;141
7627;1;7;9;126
7628;1;7;9;125
7629;1;7;9;116
7630;1;7;9;128
7631;1;7;9;123
7632;1;7;9;135
7633;1;7;9;142
7634;1;7;9;147
7635;1;7;9;147
7636;1;7;9;124
7637;1;7;9;148
7639;1;7;9;122
7640;1;7;9;123
7641;1;7;9;125
7642;1;7;9;135
7643;1;7;9;117
7644;1;7;9;133
7645;1;7;9;123
7646;1;7;9;153
7647;1;7;9;125
7648;1;1;2;17
7649;1;7;9;137
7650;1;1;2;17
7652;1;7;9;127
7653;1;1;2;31
7655;1;1;3;39
7657;1;7;9;148
7658;1;7;9;138
7659;1;7;9;145
7660;1;7;9;150
7661;1;7;9;142
7662;1;7;9;116
7664;1;7;9;142
7666;1;7;9;143
7667;1;7;9;129
7669;1;7;9;132
7670;1;7;9;128
7671;1;7;9;130
7672;1;7;9;138
7673;1;7;9;133
7674;1;7;9;142
7675;1;7;9;138
7676;1;7;9;128
7678;1;1;2;30
7680;1;7;9;137
7681;1;1;2;30
7682;1;7;9;139
7685;1;7;9;155
7686;1;7;9;125
7687;1;7;9;116
7688;1;7;9;130
7689;1;7;9;130
7690;1;7;9;132
7691;1;7;9;133
7693;1;7;9;123
7695;1;1;2;28
7696;1;1;2;31
7699;1;1;2;31
7700;1;1;2;31
8215;1;19;10;159
8263;1;7;9;144
8424;1;19;10;169
10302;1;7;9;135
10422;1;19;10;169
10864;1;7;9;142
10865;1;7;9;124
10868;1;1;2;26
10869;1;7;9;142
10870;1;7;9;128
10871;1;7;9;130
11515;1;1;1;4
12301;1;7;9;144
12302;1;7;9;151
12303;1;7;9;130
12304;1;7;9;124
12305;1;7;9;145
12306;1;7;9;145
12307;1;7;9;141
14537;1;7;9;146
14538;1;7;9;128
14545;1;1;2;29
14548;1;7;9;131
14549;1;7;9;124
14550;1;7;9;128
14553;1;1;2;31
14555;1;7;9;121
14557;1;7;9;145
14559;1;1;2;17
14562;1;7;9;136
14563;1;7;9;126
14564;1;7;9;147
14565;1;7;9;124
14567;1;7;9;130
14568;1;7;9;123
14570;1;1;2;17
14571;1;7;9;125
14572;1;7;9;125
14575;1;7;9;132
14577;1;7;9;130
14579;1;7;9;127
14580;1;7;9;124
14589;1;7;9;145
14591;1;7;9;130
14593;1;7;9;148
14704;1;19;10;168
14745;1;7;9;146
14747;1;7;9;133
14749;1;1;2;32
14752;1;7;9;117
14753;1;7;9;132
14754;1;7;9;142
14755;1;7;9;116
14756;1;7;9;130
14757;1;7;9;124
14762;1;7;9;139
14763;1;7;9;145
14764;1;7;9;137
14765;1;7;9;128
14766;1;7;9;146
14769;1;7;9;131
14773;1;1;2;26
14774;1;7;9;131
14781;1;7;9;124
14783;1;7;9;153
14787;1;7;9;125
14792;1;7;9;131
14793;1;7;9;124
14794;1;7;9;125
14796;1;7;9;135
14799;1;7;9;135
14801;1;7;9;127
14813;1;7;9;128
14814;1;7;9;128
14816;1;7;9;151
14819;1;1;2;17
14837;1;7;9;136
14840;1;1;2;17
14851;1;7;9;132
14864;1;7;9;150
14881;1;7;9;137
14916;1;7;9;130
14918;1;7;9;132
14927;1;7;9;123
14933;1;7;9;137
14934;1;7;9;141
14955;1;1;2;17
14958;1;7;9;130
14959;1;7;9;148
14968;1;7;9;116
14969;1;7;9;132
14977;1;7;9;143
14978;1;7;9;125
14979;1;7;9;125
14980;1;7;9;128
14981;1;7;9;125
14982;1;7;9;129
14983;1;7;9;128
14984;1;7;9;131
14993;1;7;9;116
14998;1;7;9;146
14999;1;7;9;130
15006;1;1;2;17
15007;1;7;9;151
15016;1;1;2;31
15019;1;7;9;136
15021;1;7;9;125
15023;1;7;9;132
15026;1;7;9;123
15028;1;1;2;31
15035;1;7;9;141
15038;1;7;9;150
15042;1;7;9;130
15044;1;7;9;128
15049;1;7;9;125
15050;1;7;9;130
15051;1;7;9;130
15066;1;1;2;31
15072;1;7;9;130
15076;1;7;9;126
15077;1;1;2;31
15090;1;7;9;136
15092;1;7;9;144
15095;1;7;9;147
15097;1;7;9;151
15098;1;7;9;129
15099;1;7;9;123
15100;1;7;9;130
15101;1;7;9;148
15102;1;7;9;133
15103;1;7;9;126
15104;1;7;9;123
15109;1;7;9;125
15131;1;7;9;125
15144;1;7;9;124
15145;1;7;9;137
15148;1;7;9;116
15160;1;7;9;142
15174;1;7;9;117
15177;1;7;9;117
15184;1;7;9;131
15186;1;7;9;136
15187;1;7;9;123
15189;1;7;9;125
15190;1;7;9;153
15204;1;7;9;153
15209;1;7;9;116
15210;1;7;9;134
15211;1;7;9;125
15218;1;7;9;124
15220;1;7;9;129
15230;1;7;9;131
15231;1;7;9;141
15232;1;7;9;142
15233;1;7;9;139
15235;1;7;9;142
15237;1;7;9;147
15239;1;1;2;32
15240;1;7;9;130
15242;1;7;9;135
15246;1;7;9;130
15247;1;7;9;125
15249;1;1;2;17
15258;1;7;9;139
15276;1;1;2;17
15277;1;7;9;123
15282;1;7;9;142
15283;1;1;2;23
15284;1;7;9;133
15289;1;7;9;133
15290;1;7;9;146
15291;1;7;9;125
15292;1;7;9;123
15293;1;7;9;130
15294;1;1;2;31
15295;1;7;9;130
15297;1;7;9;128
15299;1;1;2;31
15301;1;7;9;141
15304;1;7;9;139
15308;1;7;9;141
15312;1;1;2;31
15315;1;7;9;150
15316;1;7;9;131
15321;1;7;9;151
15322;1;7;9;148
15325;1;7;9;117
15330;1;7;9;127
15354;1;7;9;148
15360;1;7;9;155
15366;1;7;9;146
15369;1;7;9;137
15374;1;1;3;38
15375;1;1;2;31
15377;1;7;9;148
15378;1;7;9;148
15379;1;7;9;130
15382;1;7;9;136
15398;1;7;9;130
15405;1;7;9;117
15408;1;1;2;27
15409;1;1;3;34
15412;1;7;9;130
15425;1;1;2;28
15430;1;7;9;137
15439;1;7;9;124
15450;1;7;9;129
15451;1;7;9;116
15469;1;7;9;138
15479;1;7;9;124
15487;1;7;9;151
15494;1;1;2;31
15496;1;1;2;17
15498;1;7;9;146
15503;1;7;9;124
15504;1;7;9;132
15507;1;7;9;128
15511;1;7;9;129
15516;1;7;9;136
15517;1;7;9;153
15523;1;7;9;130
15530;1;1;3;41
15533;1;7;9;123
15534;1;7;9;137
15537;1;7;9;124
15538;1;1;2;17
15539;1;7;9;139
15542;1;7;9;130
15543;1;7;9;128
15544;1;7;9;143
15547;1;7;9;133
15548;1;1;2;23
15550;1;7;9;124
15555;1;7;9;136
15568;1;7;9;155
15577;1;7;9;133
15578;1;7;9;142
15592;1;7;9;117
15598;1;7;9;125
15600;1;7;9;152
15604;1;7;9;123
15605;1;7;9;125
15615;1;1;2;29
15632;1;19;10;171
15633;1;7;9;123
15637;1;7;9;124
15638;1;7;9;127
15645;1;7;9;131
15647;1;7;9;125
15648;1;7;9;130
15656;1;7;9;125
15661;1;7;9;147
15667;1;7;9;130
15668;1;7;9;124
15673;1;1;2;31
15675;1;1;2;23
15676;1;7;9;126
15679;1;7;9;139
15680;1;7;9;124
15681;1;7;9;136
15684;1;7;9;125
15688;1;7;9;151
15691;1;7;9;128
15694;1;7;9;135
15705;1;7;9;148
15708;1;7;9;145
15710;1;7;9;148
15713;1;1;2;17
15717;1;1;2;17
15718;1;7;9;141
15724;1;7;9;128
15729;1;7;9;128
15731;1;7;9;135
15736;1;7;9;131
15737;1;7;9;144
15740;1;7;9;130
15741;1;7;9;125
15754;1;7;9;148
15770;1;1;2;26
15777;1;7;9;126
15781;1;7;9;142
15787;1;7;9;130
15792;1;7;9;132
15794;1;1;2;26
15795;1;1;2;12
15808;1;7;9;128
15810;1;7;9;125
15811;1;1;2;17
15812;1;7;9;128
15814;1;7;9;148
15821;1;1;2;32
15823;1;7;9;154
15826;1;7;9;116
15830;1;1;2;26
15831;1;7;9;150
15834;1;1;2;26
15837;1;7;9;137
15838;1;7;9;130
15844;1;7;9;130
15846;1;7;9;142
15847;1;7;9;130
15848;1;7;9;123
15849;1;1;2;32
15850;1;7;9;117
15854;1;7;9;132
15857;1;7;9;128
15864;1;7;9;135
15867;1;1;2;31
15870;1;7;9;137
15872;1;7;9;142
15874;1;7;9;123
15875;1;7;9;131
15878;1;7;9;133
15879;1;7;9;117
15887;1;7;9;124
15888;1;7;9;135
15896;1;1;2;17
15897;1;7;9;125
15899;1;7;9;147
15907;1;7;9;140
15910;1;7;9;146
15912;1;7;9;129
15915;1;7;9;117
15917;1;7;9;130
15921;1;7;9;154
15922;1;7;9;137
15923;1;7;9;127
15924;1;7;9;138
15927;1;7;9;139
15929;1;7;9;131
15938;1;7;9;141
15945;1;7;9;148
15955;1;7;9;123
15958;1;1;2;17
15960;1;7;9;125
15961;1;1;7;104
15967;1;7;9;124
15968;1;7;9;127
15969;1;7;9;148
15978;1;7;9;123
15980;1;7;9;142
15981;1;7;9;131
15982;1;7;9;141
15988;1;7;9;128
15990;1;7;9;150
15991;1;7;9;150
15997;1;1;2;17
16000;1;7;9;142
16004;1;7;9;148
16008;1;7;9;137
16010;1;7;9;147
16012;1;7;9;130
16013;1;7;9;138
16020;1;7;9;139
16021;1;7;9;130
16022;1;7;9;148
16029;1;7;9;150
16033;1;1;2;26
16037;1;7;9;131
16038;1;7;9;133
16039;1;7;9;125
16041;1;7;9;148
16056;1;7;9;130
16070;1;7;9;126
16075;1;7;9;137
16093;1;7;9;125
16094;1;1;2;23
16098;1;7;9;124
16118;1;7;9;120
16120;1;7;9;147
16121;1;7;9;120
16126;1;7;9;120
16132;1;7;9;122
16134;1;7;9;131
16135;1;7;9;120
16138;1;7;9;128
16145;1;7;9;116
16151;1;7;9;136
16155;1;7;9;122
16157;1;1;2;31
16158;1;7;9;125
16162;1;7;9;122
16163;1;7;9;122
16164;1;7;9;125
16166;1;7;9;128
16167;1;7;9;122
16168;1;7;9;126
16170;1;7;9;120
16172;1;7;9;142
16179;1;7;9;122
16180;1;7;9;151
16181;1;7;9;139
16190;1;7;9;123
16194;1;7;9;122
16197;1;7;9;123
16199;1;7;9;128
16200;1;7;9;129
16204;1;7;9;141
16213;1;7;9;124
16215;1;7;9;123
16218;1;7;9;120
16219;1;7;9;122
16227;1;7;9;137
16228;1;7;9;132
16232;1;7;9;130
16234;1;7;9;135
16239;1;7;9;148
16244;1;7;9;132
16248;1;1;2;26
16251;1;7;9;122
16254;1;7;9;133
16256;1;1;2;26
16257;1;7;9;128
16260;1;7;9;124
16261;1;7;9;130
16264;1;7;9;136
16269;1;7;9;151
16270;1;1;3;42
16272;1;1;2;17
16282;1;7;9;148
16284;1;1;2;28
16289;1;7;9;127
16298;1;7;9;144
16301;1;7;9;131
16302;1;7;9;141
16306;1;7;9;135
16307;1;7;9;141
16311;1;7;9;120
16315;1;7;9;130
16317;1;7;9;142
16321;1;7;9;141
16322;1;7;9;132
16323;1;7;9;135
16326;1;7;9;136
16327;1;7;9;151
16336;1;7;9;131
16337;1;7;9;141
16339;1;7;9;117
16340;1;7;9;125
16344;1;7;9;118
16346;1;7;9;148
16349;1;7;9;147
16352;1;7;9;124
16355;1;7;9;128
16357;1;7;9;134
16363;1;7;9;147
16366;1;7;9;133
16372;1;7;9;122
16374;1;1;2;32
16382;1;7;9;153
16385;1;7;9;128
16388;1;7;9;136
16390;1;7;9;123
16392;1;7;9;133
16393;1;7;9;132
16395;1;7;9;125
16400;1;7;9;130
16402;1;7;9;116
16403;1;7;9;129
16404;1;19;10;0
16405;1;7;9;124
16406;1;7;9;130
16408;1;7;9;125
16410;1;7;9;124
16412;1;7;9;142
16413;1;7;9;122
16423;1;7;9;124
16424;1;7;9;132
16437;1;7;9;117
16439;1;1;2;23
16440;1;7;9;122
16443;1;7;9;134
16445;1;7;9;125
16448;1;7;9;124
16452;1;7;9;136
16454;1;7;9;132
16459;1;7;9;122
16469;1;7;9;124
16470;1;7;9;129
16472;1;1;2;17
16473;1;7;9;135
16475;1;7;9;148
16491;1;7;9;130
16493;1;7;9;128
16495;1;7;9;142
16496;1;7;9;117
16497;1;7;9;142
16500;1;7;9;147
16504;1;7;9;134
16507;1;7;9;123
16511;1;7;9;122
16515;1;7;9;135
16518;1;7;9;132
16520;1;7;9;148
16527;1;1;2;31
16532;1;1;2;31
16556;1;7;9;137
16558;1;7;9;124
16561;1;7;9;123
16566;1;7;9;124
16572;1;7;9;124
16573;1;7;9;137
16585;1;7;9;122
16590;1;7;9;128
16591;1;1;2;26
16595;1;7;9;116
16599;1;7;9;137
16603;1;7;9;139
16605;1;7;9;128
16611;1;7;9;137
16613;1;7;9;142
16615;1;7;9;130
16618;1;7;9;120
16622;1;1;3;34
16627;1;7;9;154
16631;1;7;9;121
16634;1;1;2;29
16640;1;7;9;119
16645;1;7;9;151
16647;1;7;9;119
16648;1;7;9;119
16649;1;7;9;119
16654;1;7;9;150
16655;1;7;9;124
16658;1;7;9;121
16659;1;7;9;121
16663;1;7;9;133
16666;1;7;9;142
16669;1;7;9;122
16676;1;7;9;121
16677;1;7;9;121
16682;1;7;9;129
16687;1;1;2;32
16690;1;7;9;148
16694;1;7;9;123
16707;1;7;9;117
16709;1;7;9;133
16711;1;7;9;130
